species,status
Abalistes stellatus,0
Ablennes hians,0
Abudefduf hoefleri,0
Abudefduf saxatilis,0
Abudefduf sexfasciatus,0
Abudefduf sordidus,0
Abudefduf vaigiensis,1
Acanthocybium solandri,0
Acantholabrus palloni,0
Acanthopagrus berda,0
Acanthopagrus bifasciatus,0
Acanthoplesiops cappuccino,0
Acanthurus chirurgus,0
Acanthurus coeruleus,0
Acanthurus gahhm,0
Acanthurus mata,0
Acanthurus monroviae,0
Acanthurus nigrofuscus,0
Acanthurus sohal,0
Acentrogobius nebulosus,0
Acentronura tentaculata,0
Acipenser naccarii,0
Acipenser stellatus,0
Acipenser sturio,0
Acropoma neglectum,0
Adelotremus leptus,0
Aeoliscus punctulatus,0
Aesopia cornuta,0
Aethaloperca rogaa,0
Aetobatus ocellatus,0
Aetomylaeus bovinus,0
Aetomylaeus vespertilio,0
Aidablennius sphynx,0
Albula glossodonta,0
Aldrovandia phalacra,0
Alectis alexandrina,0
Alectis ciliaris,0
Alectis indica,0
Alepes djedaba,1
Alepes vari,0
Alepocephalus rostratus,0
Alloblennius jugularis,0
Alloblennius pictus,0
Alopias pelagicus,0
Alopias superciliosus,0
Alopias vulpinus,0
Alosa alosa,0
Alosa fallax,0
Alticus magnusi,0
Aluterus monoceros,0
Aluterus scriptus,0
Amanses scopas,0
Ambassis dussumieri,0
Ambassis urotaenia,0
Amblyeleotris diagonalis,0
Amblyeleotris neglecta,0
Amblyeleotris steinitzi,0
Amblyeleotris sungami,0
Amblyeleotris triguttata,0
Amblyeleotris wheeleri,0
Amblygaster sirm,0
Amblyglyphidodon flavilatus,0
Amblyglyphidodon indicus,0
Amblygobius albimaculatus,0
Amblygobius esakiae,0
Amblygobius nocturnus,0
Amblygobius sewardii,0
Amblygobius sphynx,0
Amphiprion bicinctus,0
Anampses caeruleopunctatus,0
Anampses lineatus,0
Anampses meleagrides,0
Anampses twistii,0
Anarhichas lupus,0
Ancistrogobius yanoi,0
Anguilla anguilla,0
Anoxypristis cuspidata,0
Antennablennius adenensis,0
Antennablennius australis,0
Antennablennius hypenetes,0
Antennarius commerson,0
Antennarius maculatus,0
Antennarius pictus,0
Antennarius striatus,0
Antennatus coccineus,0
Antennatus nummifer,0
Antennatus rosaceus,0
Anthias anthias,0
Anyperodon leucogrammicus,0
Aphanius dispar,1
Aphanius fasciatus,0
Aphanius iberus,0
Aphareus furca,0
Aphareus rutilans,0
Aphia minuta,0
Apistus carinatus,0
Apletodon dentatus,0
Apletodon incognitus,0
Apogon campbelli,0
Apogon coccineus,0
Apogon erythrosoma,0
Apogon imberbis,0
Apogon semiornatus,0
Apogon talboti,0
Apogonichthyoides heptastygma,0
Apogonichthyoides pharaonis,1
Apogonichthyoides pseudotaeniatus,0
Apogonichthyoides taeniatus,0
Apogonichthyoides timorensis,0
Apogonichthys perdix,0
Apolemichthys xanthotis,0
Aprion virescens,0
Apterichtus anguiformis,0
Apterichtus caecus,0
Arctozenus risso,0
Arcygobius baliurus,0
Argentina sphyraena,0
Argyropelecus hemigymnus,0
Argyrops filamentosus,0
Argyrops megalommatus,0
Argyrops spinifer,0
Argyrosomus regius,0
Ariomma brevimanus,0
Ariomma indica,0
Ariosoma balearicum,0
Ariosoma sanzoi,0
Arnoglossus arabicus,0
Arnoglossus grohmanni,0
Arnoglossus imperialis,0
Arnoglossus laterna,0
Arnoglossus macrolophus,0
Arnoglossus marisrubri,0
Arnoglossus nigrofilamentosus,1
Arnoglossus rueppelii,0
Arnoglossus thori,0
Arothron diadematus,0
Arothron hispidus,0
Arothron immaculatus,0
Arothron multilineatus,0
Arothron stellatus,0
Aseraggodes kruppi,0
Aseraggodes macronasus,0
Aseraggodes sinusarabici,0
Aseraggodes steinitzi,0
Aspidontus dussumieri,0
Aspidontus tractus,0
Asterorhombus intermedius,0
Asterropteryx semipunctata,0
Astronesthes martensii,0
Ateleopus japonicus,0
Atherina boyeri,0
Atherina hepsetus,0
Atherina presbyter,0
Atherinomorus forskalii,1
Atherinomorus lacunosus,0
Atrobucca geniae,0
Atrosalarias fuscus,0
Atule mate,0
Aulacocephalus temminckii,0
Aulopareia unicolor,0
Aulopus filamentosus,0
Aulostomus chinensis,0
Aurigequula fasciata,0
Auxis rochei,0
Auxis thazard,0
Balistapus undulatus,0
Balistes capriscus,0
Balistoides conspicillum,0
Balistoides viridescens,0
Barchatus cirrhosus,0
Bathophilus nigerrimus,0
Bathygobius cyclopterus,0
Bathygobius fuscus,0
Bathypterois dubius,0
Bathysolea profundicola,0
Bathytoshia centroura,0
Bellottia apoda,0
Belone belone,0
Belone svetovidovi,0
Bembrops caudimacula,0
Benthocometes robustus,0
Benthosema fibulatum,0
Benthosema glaciale,0
Benthosema pterotum,0
Beryx decadactylus,0
Beryx splendens,0
Blenniella periophthalmus,0
Blennius ocellaris,0
Bodianus anthioides,0
Bodianus axillaris,0
Bodianus bimaculatus,0
Bodianus diana,0
Bodianus opercularis,0
Bodianus rubrisos,0
Bolbometopon muricatum,0
Boops boops,0
Borostomias antarcticus,0
Bothus pantherinus,0
Bothus podas,0
Bothus tricirrhitus,0
Brachaluteres fahaqa,0
Brachypterois serrulifer,0
Brachysomophis cirrocheilos,0
Brama brama,0
Branchiostegus sawakinensis,0
Bregmaceros arabicus,0
Bregmaceros nectabanus,1
Brevitrygon walga,0
Brosmophyciops pautzkei,0
Brotula multibarbata,0
Bryaninops discus,0
Bryaninops loki,0
Bryaninops natans,0
Bryaninops ridens,0
Bryaninops spongicolus,0
Bryaninops tigris,0
Bryaninops yongei,0
Bryx analicarens,0
Buenia affinis,0
Buenia lombartei,0
Buenia massutii,0
Buglossidium luteum,0
Cabillus nigrostigmus,0
Caesio caerulaurea,0
Caesio lunaris,0
Caesio striata,0
Caesio suevica,0
Caesio varilineata,0
Caesio xanthonota,0
Callanthias ruber,0
Callechelys catostoma,0
Callechelys marmorata,0
Callionymus bentuviai,0
Callionymus delicatulus,0
Callionymus erythraeus,0
Callionymus fasciatus,0
Callionymus filamentosus,1
Callionymus flavus,0
Callionymus gardineri,0
Callionymus lyra,0
Callionymus maculatus,0
Callionymus muscatensis,0
Callionymus oxycephalus,0
Callionymus profundus,0
Callionymus pusillus,0
Callionymus reticulatus,0
Callionymus risso,0
Callogobius amikami,0
Callogobius bifasciatus,0
Callogobius dori,0
Callogobius flavobrunneus,0
Callogobius pilosimentum,0
Callogobius sclateri,0
Calloplesiops altivelis,0
Calotomus viridescens,0
Campogramma glaycos,0
Cantherhines pardalis,0
Canthidermis macrolepis,0
Canthigaster cyanospilota,0
Canthigaster margaritata,0
Canthigaster pygmaea,0
Capros aper,0
Carangoides armatus,0
Carangoides bajad,0
Carangoides chrysophrys,0
Carangoides coeruleopinnatus,0
Carangoides equula,0
Carangoides ferdau,0
Carangoides fulvoguttatus,0
Carangoides malabaricus,0
Carangoides plagiotaenia,0
Carangoides talamparoides,0
Caranx crysos,0
Caranx fischeri,0
Caranx heberi,0
Caranx ignobilis,0
Caranx melampygus,0
Caranx rhonchus,0
Caranx sexfasciatus,0
Carapus acus,0
Carapus mourlani,0
Carcharhinus albimarginatus,0
Carcharhinus altimus,0
Carcharhinus amblyrhynchos,0
Carcharhinus amboinensis,0
Carcharhinus brachyurus,0
Carcharhinus brevipinna,0
Carcharhinus falciformis,0
Carcharhinus limbatus,0
Carcharhinus longimanus,0
Carcharhinus melanopterus,0
Carcharhinus obscurus,0
Carcharhinus plumbeus,0
Carcharhinus sorrah,0
Carcharias taurus,0
Carcharias tricuspidatus,0
Carcharodon carcharias,0
Carlarius parkii,0
Cataetyx alleni,0
Cataetyx laticeps,0
Centracanthus cirrus,0
Centriscus scutatus,0
Centrolabrus exoletus,0
Centrolabrus melanocercus,0
Centrolophus niger,0
Centrophorus uyato,0
Centropyge multispinis,0
Centroscymnus coelolepis,0
Cephalopholis argus,0
Cephalopholis hemistiktos,0
Cephalopholis miniata,0
Cephalopholis oligosticta,0
Cephalopholis sexmaculata,0
Cephalopholis taeniops,0
Cepola macrophthalma,0
Ceratoscopelus maderensis,0
Cercamia eremia,0
Cetorhinus maximus,0
Cetoscarus bicolor,0
Chaetodipterus faber,0
Chaetodon auriga,0
Chaetodon austriacus,1
Chaetodon fasciatus,0
Chaetodon larvatus,1
Chaetodon leucopleura,0
Chaetodon lineolatus,0
Chaetodon melannotus,0
Chaetodon melapterus,0
Chaetodon mesoleucos,0
Chaetodon paucifasciatus,0
Chaetodon pictus,0
Chaetodon semilarvatus,0
Chaetodon trifascialis,0
Champsodon capensis,0
Champsodon nudivittis,1
Champsodon omanensis,0
Chanos chanos,0
Chauliodus sloani,0
Chaunax suttkusi,0
Cheilinus abudjubbe,0
Cheilinus lunulatus,0
Cheilinus quinquecinctus,0
Cheilinus undulatus,0
Cheilio inermis,0
Cheilodipterus arabicus,0
Cheilodipterus lachneri,0
Cheilodipterus macrodon,0
Cheilodipterus novemstriatus,1
Cheilodipterus pygmaios,0
Cheilodipterus quinquelineatus,0
Cheilopogon cyanopterus,0
Cheilopogon exsiliens,0
Cheilopogon furcatus,0
Cheilopogon heterurus,0
Cheimerius nufar,0
Chelidonichthys cuculus,0
Chelidonichthys lastoviza,0
Chelidonichthys lucerna,0
Chelidonichthys obscurus,0
Chelidoperca pleurospilus,0
Chelon auratus,0
Chelon labrosus,0
Chelon ramada,0
Chelon saliens,0
Chilomycterus reticulatus,0
Chimaera monstrosa,0
Chirocentrus dorab,0
Chirocentrus nudus,0
Chlidichthys auratus,0
Chlidichthys rubiceps,0
Chlopsis bicolor,0
Chlorophthalmus agassizi,0
Chloroscombrus chrysurus,0
Chlorurus genazonatus,0
Chlorurus gibbus,0
Chlorurus sordidus,0
Choerodon robustus,0
Choeroichthys brachysoma,0
Choridactylus multibarbus,0
Chromis chromis,0
Chromis dimidiata,0
Chromis flavaxilla,0
Chromis pelloura,0
Chromis pembae,0
Chromis ternatensis,0
Chromis trialpha,0
Chromis viridis,0
Chromis weberi,0
Chromogobius quadrivittatus,0
Chromogobius zebratus,0
Chrysiptera annulata,0
Chrysiptera cyanea,0
Chrysiptera hemicyanea,0
Chrysiptera unimaculata,0
Cirrhilabrus blatteus,0
Cirrhilabrus rubriventralis,0
Cirrhimuraena playfairii,0
Cirrhitichthys oxycephalus,0
Cirrhitus pinnulatus,0
Cirripectes castaneus,0
Cirripectes filamentosus,0
Citharus linguatula,0
Clinitrachus argentatus,0
Cociella punctata,0
Cocotropus steinitzi,0
Coelorinchus caelorhincus,0
Coelorinchus mediterraneus,0
Conger cinereus,0
Conger conger,0
Congresox talabonoides,0
Coptodon zillii,0
Corcyrogobius liechtensteini,0
Coris aygula,0
Coris caudimacula,0
Coris cuvieri,0
Coris formosa,0
Coris julis,0
Coris variegata,0
Coryogalops anomolus,0
Coryogalops guttatus,0
Coryogalops nanus,0
Coryogalops ocheticus,0
Coryogalops pseudomonospilus,0
Coryphaena equiselis,0
Coryphaena hippurus,0
Coryphaenoides guentheri,0
Coryphaenoides mediterraneus,0
Coryphoblennius galerita,0
Corythoichthys flavofasciatus,0
Corythoichthys nigripectus,0
Corythoichthys schultzi,0
Cosmocampus banneri,0
Cosmocampus maxweberi,0
Crenidens crenidens,1
Crenimugil crenilabis,0
Crenimugil seheli,0
Cryptocentroides arabicus,0
Cryptocentrus caeruleopunctatus,1
Cryptocentrus cryptocentrus,0
Cryptocentrus fasciatus,0
Cryptocentrus lutheri,0
Crystallogobius linearis,0
Ctenochaetus striatus,0
Ctenogobiops crocineus,0
Ctenogobiops feroculus,0
Ctenogobiops maculosus,0
Ctenolabrus rupestris,0
Cubiceps capensis,0
Cubiceps gracilis,0
Cyclichthys orbicularis,0
Cyclichthys spilostylus,1
Cyclopterus lumpus,0
Cyclothone braueri,0
Cyclothone microdon,0
Cyclothone pygmaea,0
Cynoglossus acutirostris,0
Cynoglossus bilineatus,0
Cynoglossus crepida,0
Cynoglossus dollfusi,0
Cynoglossus lachneri,0
Cynoglossus pottii,0
Cynoglossus sinusarabici,1
Cynoponticus ferox,0
Cypselurus hexazona,0
Dactyloptena gilberti,0
Dactyloptena peterseni,0
Dactylopterus volitans,0
Dagetichthys lusitanicus,0
Dalatias licha,0
Dalophis imberbis,0
Dascyllus abudafur,0
Dascyllus marginatus,0
Dascyllus trimaculatus,0
Dasyatis marmorata,0
Dasyatis pastinaca,0
Dasyatis tortonesei,0
Decapterus kurroides,0
Decapterus macarellus,0
Decapterus macrosoma,0
Decapterus russelli,1
Deltentosteus collonianus,0
Deltentosteus quadrimaculatus,0
Dendrochirus hemprichi,0
Dentex dentex,0
Dentex gibbosus,0
Dentex macrophthalmus,0
Dentex maroccanus,0
Dermatolepis striolata,0
Diagramma punctatum,0
Diaphus coeruleus,0
Diaphus holti,0
Diaphus metopoclampus,0
Diaphus rafinesquii,0
Dicentrarchus labrax,0
Dicentrarchus punctatus,0
Dicologlossa cuneata,0
Dicologlossa hexophthalma,0
Didogobius bentuvii,0
Didogobius schlieweni,0
Didogobius splechtnai,0
Dinematichthys iluocoeteoides,0
Diodon holocanthus,0
Diodon hystrix,0
Diodon liturosus,0
Diplecogaster bimaculata,0
Diplecogaster umutturali,0
Diploconger polystigmatus,0
Diplodus annularis,0
Diplodus bellottii,0
Diplodus cervinus,0
Diplodus levantinus,0
Diplodus noct,0
Diplodus puntazzo,0
Diplodus sargus,0
Diplodus vulgaris,0
Diplogrammus gruveli,0
Diplogrammus infulatus,0
Diplogrammus paucispinis,0
Diplogrammus randalli,0
Diploprion drachi,0
Dipterygonotus balteatus,0
Dipturus batis,0
Dipturus intermedius,0
Dipturus nidarosiensis,0
Dipturus oxyrinchus,0
Discordipinna griessingeri,0
Doryrhamphus abbreviatus,0
Drepane longimana,0
Dunckerocampus boylei,0
Dunckerocampus multiannulatus,0
Dussumieria elopsoides,1
Dysomma alticorpus,0
Dysomma brevirostre,0
Dysomma fuscoventralis,0
Echelus myrus,0
Echeneis naucrates,0
Echidna nebulosa,0
Echidna polyzona,0
Echiichthys vipera,0
Echinorhinus brucus,0
Echiodon dentatus,0
Ecsenius aroni,0
Ecsenius dentex,0
Ecsenius frontalis,0
Ecsenius gravieri,0
Ecsenius midas,0
Ecsenius nalolo,0
Elagatis bipinnulata,0
Elates ransonnettii,0
Electrona risso,0
Ellochelon vaigiensis,0
Elops machnata,0
Emmelichthys marisrubri,0
Encheliophis gracilis,0
Encheliophis homei,0
Encheliophis vermicularis,0
Enchelycore anatina,0
Enchelycore bayeri,0
Enchelycore schismatorhynchus,0
Enchelyurus kraussii,0
Enchelyurus petersi,0
Encrasicholina gloria,1
Encrasicholina heteroloba,0
Encrasicholina punctifer,1
Engraulis encrasicolus,0
Engyprosopon grandisquama,0
Engyprosopon hureaui,0
Engyprosopon latifrons,0
Engyprosopon macrolepis,0
Enneapterygius abeli,0
Enneapterygius clarkae,0
Enneapterygius destai,0
Enneapterygius obscurus,0
Enneapterygius pallidus,0
Enneapterygius pusillus,0
Enneapterygius qirmiz,0
Enneapterygius tutuilae,0
Enneapterygius ventermaculus,0
Entelurus aequoreus,0
Entomacrodus solus,0
Ephippion guttifer,0
Epibulus insidiator,0
Epigonus constanciae,0
Epigonus denticulatus,0
Epigonus marisrubri,0
Epigonus telescopus,0
Epinephelus aeneus,0
Epinephelus areolatus,1
Epinephelus caninus,0
Epinephelus chlorostigma,0
Epinephelus coioides,1
Epinephelus costae,0
Epinephelus epistictus,0
Epinephelus fasciatus,1
Epinephelus fuscoguttatus,0
Epinephelus lanceolatus,0
Epinephelus latifasciatus,0
Epinephelus malabaricus,1
Epinephelus marginatus,0
Epinephelus merra,0
Epinephelus morrhua,0
Epinephelus polyphekadion,0
Epinephelus radiatus,0
Epinephelus stoliczkae,0
Epinephelus summana,0
Epinephelus tauvina,0
Epinephelus tukula,0
Equulites aethopos,0
Equulites klunzingeri,1
Equulites popei,1
Eretmophorus kleinenbergi,0
Etmopterus spinax,0
Etrumeus golanii,1
Eubleekeria splendens,0
Euleptorhamphus viridis,0
Eurypegasus draconis,0
Eutelichthys leptochirus,0
Euthynnus affinis,0
Euthynnus alletteratus,0
Eutrigla gurnardus,0
Evermannella balbo,0
Eviota distigma,0
Eviota geminata,0
Eviota guttata,0
Eviota oculopiperita,0
Eviota pardalota,0
Eviota prasina,0
Eviota punyit,0
Eviota zebrina,0
Evoxymetopon moricheni,0
Exallias brevis,0
Exocoetus obtusirostris,0
Exocoetus volitans,0
Exyrias belissimus,0
Facciolella karrerae,0
Facciolella oxyrhynchus,0
Facciolella saurencheloides,0
Favonigobius melanobranchus,0
Favonigobius reichei,0
Feia nympha,0
Fistularia commersonii,1
Fistularia petimba,1
Foa fo,0
Forcipiger flavissimus,0
Fowleria aurita,0
Fowleria isostigma,0
Fowleria marmorata,0
Fowleria vaiulae,0
Fowleria variegata,0
Fusigobius humeralis,0
Fusigobius longispinus,0
Fusigobius maximus,0
Fusigobius neophytus,0
Gadella maraldi,0
Gadiculus argenteus,0
Gadus morhua,0
Gaidropsarus granti,0
Gaidropsarus macrophthalmus,0
Gaidropsarus mediterraneus,0
Gaidropsarus vulgaris,0
Galeocerdo cuvier,0
Galeoides decadactylus,0
Galeorhinus galeus,0
Galeus atlanticus,0
Galeus melastomus,0
Gammogobius steinitzi,0
Gazza minuta,0
Genicanthus caudovittatus,0
Gephyroberyx darwinii,0
Gerres infasciatus,0
Gerres longirostris,0
Gerres macracanthus,0
Gerres oblongus,0
Gerres oyena,0
Gladiogobius rex,0
Glaucostegus cemiculus,0
Glaucostegus halavi,0
Glaucostegus thouin,0
Glossanodon leioglossus,0
Glossogobius giuris,0
Gnathanodon speciosus,0
Gnatholepis anjerensis,0
Gnatholepis caudimaculata,0
Gnathophis mystax,0
Gobiodon ater,0
Gobiodon bilineatus,0
Gobiodon citrinus,0
Gobiodon fuscoruber,0
Gobiodon histrio,0
Gobiodon irregularis,0
Gobiodon prolixus,0
Gobiodon reticulatus,0
Gobiodon rivulatus,0
Gobius ater,0
Gobius auratus,0
Gobius bucchichi,0
Gobius cobitis,0
Gobius couchi,0
Gobius cruentatus,0
Gobius fallax,0
Gobius gasteveni,0
Gobius geniporus,0
Gobius incognitus,0
Gobius kolombatovici,0
Gobius niger,0
Gobius paganellus,0
Gobius roulei,0
Gobius vittatus,0
Gobius xanthocephalus,0
Gobius xoriguer,0
Gomphosus caeruleus,0
Gonichthys cocco,0
Gonostoma denudatum,0
Gorgasia cotroneii,0
Gorgasia preclara,0
Gorgasia sillneri,0
Gouania adriatica,0
Gouania hofrichteri,0
Gouania orientalis,0
Gouania pigra,0
Gouania willdenowi,0
Grammatorcynus bilineatus,0
Grammistes sexlineatus,0
Grammonus ater,0
Grammonus robustus,0
Grammoplites suppositus,0
Gunnellichthys monostigma,0
Guttigadus latifrons,0
Gymnammodytes cicerelus,0
Gymnammodytes semisquamatus,0
Gymnapogon melanogaster,0
Gymnesigobius medits,0
Gymnocaesio gymnoptera,0
Gymnocranius grandoculis,0
Gymnomuraena zebra,0
Gymnosarda unicolor,0
Gymnothorax angusticauda,0
Gymnothorax atolli,0
Gymnothorax baranesi,0
Gymnothorax buroensis,0
Gymnothorax elegans,0
Gymnothorax favagineus,0
Gymnothorax flavimarginatus,0
Gymnothorax griseus,0
Gymnothorax hepaticus,0
Gymnothorax javanicus,0
Gymnothorax johnsoni,0
Gymnothorax moluccensis,0
Gymnothorax nudivomer,0
Gymnothorax pictus,0
Gymnothorax pindae,0
Gymnothorax pseudoherrei,0
Gymnothorax punctatus,0
Gymnothorax randalli,0
Gymnothorax reticularis,1
Gymnothorax rueppelliae,0
Gymnothorax thyrsoideus,0
Gymnothorax undulatus,0
Gymnothorax unicolor,0
Gymnoxenisthmus tigrellus,0
Gymnura altavela,0
Gymnura poecilura,0
Gymnura tentaculata,0
Halicampus dunckeri,0
Halicampus grayi,0
Halicampus macrorhynchus,0
Halicampus mataafae,0
Halichoeres hortulanus,0
Halichoeres iridis,0
Halichoeres marginatus,0
Halichoeres nebulosus,0
Halichoeres scapularis,0
Halichoeres zeylonicus,0
Haliophis guttatus,0
Halobatrachus didactylus,0
Halosaurus ovenii,0
Harpadon erythraeus,0
Hazeus elati,0
Hazeus ingressus,0
Helcogramma obtusirostris,0
Helcogramma steinitzi,0
Helicolenus dactylopterus,0
Hemigaleus microstoma,0
Hemigymnus melapterus,0
Hemigymnus sexfasciatus,0
Hemipristis elongata,0
Hemiramphus convexus,0
Hemiramphus far,1
Hemiramphus marginatus,0
Heniochus diphreutes,0
Heniochus intermedius,1
Heptranchias perlo,0
Herklotsichthys punctatus,1
Herklotsichthys quadrimaculatus,0
Hetereleotris bipunctata,0
Hetereleotris diademata,0
Hetereleotris dorsovittata,0
Hetereleotris psammophila,0
Hetereleotris vulgaris,0
Heteroconger balteatus,0
Heteroconger congroides,0
Heteronarce bentuviai,0
Hexanchus griseus,0
Hexanchus nakamurai,0
Himantura uarnak,1
Hippichthys cyanospilos,0
Hippichthys spicifer,0
Hippocampus debelius,0
Hippocampus fuscus,1
Hippocampus guttulatus,0
Hippocampus hippocampus,0
Hippocampus jayakari,0
Hippocampus suezensis,0
Hipposcarus harid,0
Hirculops cornifer,0
Hirundichthys rondeletii,0
Histiopterus typus,0
Histrio histrio,0
Holacanthus africanus,0
Holacanthus ciliaris,0
Holocentrus adscensionis,0
Hologymnosus annulatus,0
Hologymnosus doliatus,0
Hoplolatilus geo,0
Hoplolatilus oreni,0
Hoplostethus marisrubri,0
Hoplostethus mediterraneus,0
Huso huso,0
Hygophum benoiti,0
Hygophum hygomii,0
Hymenocephalus italicus,0
Hyperoglyphe perciformis,0
Hypleurochilus bananensis,0
Hypoatherina golanii,0
Hypoatherina temminckii,0
Hyporhamphus affinis,0
Hyporhamphus balinensis,0
Hyporhamphus gamberur,0
Hyporhamphus picarti,0
Hyporthodus haifensis,0
Iago omanensis,0
Ichthyococcus ovatus,0
Iniistius bimaculatus,0
Iniistius melanopus,0
Iniistius pavo,0
Iniistius pentadactylus,0
Inimicus filamentosus,0
Istiblennius edentulus,0
Istiblennius flaviumbrinus,0
Istiblennius meleagris,1
Istiblennius pox,0
Istiblennius rivulatus,0
Istiblennius unicolor,0
Istigobius decoratus,0
Istigobius ornatus,0
Istiompax indica,0
Istiophorus platypterus,0
Isurus oxyrinchus,0
Isurus paucus,0
Jaydia novaeguineae,0
Jaydia queketti,1
Jaydia smithi,1
Kajikia albida,0
Katsuwonus pelamis,0
Kaupichthys atronasus,0
Knipowitschia caucasica,0
Knipowitschia panizzae,0
Koumansetta hectori,0
Kraemeria nuda,0
Kraemeria samoensis,0
Kuhlia mugil,0
Kyonemichthys rumengani,0
Kyphosus bigibbus,0
Kyphosus cinerascens,0
Kyphosus sectatrix,0
Kyphosus vaigiensis,0
Labroides bicolor,0
Labroides dimidiatus,0
Labrus bergylta,0
Labrus merula,0
Labrus mixtus,0
Labrus viridis,0
Lactoria cornuta,0
Laeops sinusarabici,0
Lagocephalus guentheri,1
Lagocephalus lagocephalus,0
Lagocephalus sceleratus,1
Lagocephalus suezensis,1
Lamna nasus,0
Lampanyctus crocodilus,0
Lampanyctus pusillus,0
Lampetra fluviatilis,0
Lampris guttatus,0
Lappanella fasciata,0
Larabicus quadrilineatus,0
Lebetus guilleti,0
Lebetus patzneri,0
Leiognathus berbis,0
Leiognathus equula,0
Lepadichthys erythraeus,0
Lepadichthys lineatus,0
Lepadogaster candolii,0
Lepadogaster lepadogaster,0
Lepadogaster purpurea,0
Lepidamia multitaeniata,0
Lepidion guentheri,0
Lepidion lepidion,0
Lepidopus caudatus,0
Lepidorhombus boscii,0
Lepidorhombus whiffiagonis,0
Lepidotrigla bispinosa,0
Lepidotrigla cavillone,0
Lepidotrigla dieuzeidei,0
Lepidotrigla spiloptera,0
Leptocephalus bellottii,0
Leptoscarus vaigiensis,0
Lestidiops jayakari,0
Lestidiops pseudosphyraenoides,0
Lestidiops sphyrenoides,0
Lestrolepis luetkeni,0
Lesueurigobius friesii,0
Lesueurigobius sanzi,0
Lesueurigobius suerii,0
Lethrinus borbonicus,0
Lethrinus harak,0
Lethrinus lentjan,0
Lethrinus mahsena,0
Lethrinus microdon,0
Lethrinus nebulosus,0
Lethrinus obsoletus,0
Lethrinus olivaceus,0
Lethrinus variegatus,0
Lethrinus xanthochilus,0
Leucoraja circularis,0
Leucoraja fullonica,0
Leucoraja melitensis,0
Leucoraja naevus,0
Lichia amia,0
Limnichthys marisrubri,0
Liopropoma lunulatum,0
Liopropoma mitratum,0
Liopropoma susumi,0
Liparis fishelsoni,0
Lipophrys pholis,0
Lipophrys trigloides,0
Lissocampus bannwarthi,0
Lithognathus mormyrus,0
Lobianchia dofleini,0
Lobianchia gemellarii,0
Lobotes surinamensis,0
Lophiomus setigerus,0
Lophius budegassa,0
Lophius piscatorius,0
Lophotus lacepede,0
Lotilia graciliosa,0
Loxodon macrorhinus,0
Luposicya lupus,0
Lutjanus argentimaculatus,1
Lutjanus bohar,0
Lutjanus coeruleolineatus,0
Lutjanus ehrenbergii,0
Lutjanus fulviflamma,0
Lutjanus fulvus,0
Lutjanus gibbus,0
Lutjanus indicus,0
Lutjanus jocu,0
Lutjanus kasmira,0
Lutjanus lutjanus,0
Lutjanus monostigma,0
Lutjanus rivulatus,0
Lutjanus sanguineus,0
Lutjanus sapphirolineatus,0
Lutjanus sebae,0
Luvarus imperialis,0
Macolor niger,0
Macrodontogobius wilburi,0
Macropharyngodon marisrubri,0
Macroramphosus scolopax,0
Maculabatis ambigua,0
Malacanthus brevirostris,0
Malacanthus latovittatus,0
Masturus lanceolatus,0
Maurolicus mucronatus,0
Maurolicus muelleri,0
Megalaspis cordyla,0
Megalops cyprinoides,0
Meiacanthus nigrolineatus,0
Melanostigma atlanticum,0
Merlangius merlangus,0
Merluccius merluccius,0
Microbrotula bentleyi,0
Microchirus azevia,0
Microchirus boscanion,0
Microchirus ocellatus,0
Microchirus variegatus,0
Micrognathus andersonii,0
Micrognathus brevirostris,0
Microichthys coccoi,0
Microichthys sanzoi,0
Microlipophrys adriaticus,0
Microlipophrys canevae,0
Microlipophrys dalmatinus,0
Microlipophrys nigriceps,0
Micromesistius poutassou,0
Microstoma microstoma,0
Millerigobius macrocephalus,0
Mimoblennius cirrosus,0
Minilabrus striatus,0
Minous coccineus,0
Minous inermis,0
Minous trachycephalus,0
Minyichthys sentus,0
Mixomyrophis longidorsalis,0
Mobula alfredi,0
Mobula birostris,0
Mobula kuhlii,0
Mobula mobular,0
Mobula tarapacana,0
Mobula thurstoni,0
Mola alexandrini,0
Mola mola,0
Molva macrophthalma,0
Molva molva,0
Monocentris japonica,0
Monochirus hispidus,0
Monodactylus argenteus,0
Monotaxis grandoculis,0
Mora moro,0
Mugil cephalus,0
Mulloidichthys flavolineatus,0
Mulloidichthys vanicolensis,0
Mullus barbatus,0
Mullus surmuletus,0
Muraena helena,0
Muraenesox cinereus,1
Muraenichthys schultzei,0
Mustelus asterias,0
Mustelus mosis,0
Mustelus mustelus,0
Mustelus punctulatus,0
Mycteroperca fusca,1
Mycteroperca rubra,0
Myctophum punctatum,0
Myliobatis aquila,0
Myrichthys colubrinus,0
Myrichthys maculosus,0
Myripristis chryseres,0
Myripristis murdjan,0
Myripristis xanthacra,0
Myrophis microchir,0
Myxine glutinosa,0
Nansenia iberica,0
Nansenia oblita,0
Naso annulatus,0
Naso brevirostris,0
Naso elegans,0
Naso hexacanthus,0
Naso unicornis,0
Naucrates ductor,0
Neamia octospina,0
Nebrius ferrugineus,0
Nectamia annularis,0
Nectamia fusca,0
Nectamia zebrina,0
Neenchelys microtretus,0
Negaprion acutidens,0
Nemateleotris exquisita,0
Nemichthys curvirostris,0
Nemichthys scolopaceus,0
Nemipterus bipunctatus,0
Nemipterus japonicus,0
Nemipterus peronii,0
Nemipterus randalli,1
Nemipterus zysron,0
Neobythites stefanovi,0
Neocentropogon mesedai,0
Neoglyphidodon melas,0
Neogobius melanostomus,0
Neomerinthe erostris,0
Neoniphon sammara,0
Neopomacentrus cyanomos,0
Neopomacentrus miryae,0
Neopomacentrus xanthurus,0
Neotrygon caeruleopunctata,0
Nerophis lumbriciformis,0
Nerophis maculatus,0
Nerophis ophidion,0
Nettastoma melanura,0
Netuma thalassina,0
Nezumia aequalis,0
Nezumia sclerorhynchus,0
Norfolkia brachylepis,0
Notacanthus bonaparte,0
Notoscopelus bolini,0
Notoscopelus elongatus,0
Notoscopelus kroyeri,0
Novaculichthys taeniourus,0
Novaculoides macrolepidotus,0
Oblada melanura,0
Obliquogobius turkayi,0
Odondebuenia balearica,0
Odontaspis ferox,0
Odonus niger,0
Oedalechilus labeo,0
Omobranchus fasciolatus,0
Omobranchus punctatus,1
Omobranchus steinitzi,0
Onigocia bimaculata,0
Opeatogenys gracilis,0
Ophichthus echeloides,0
Ophichthus erabo,0
Ophichthus rufus,0
Ophidion barbatum,0
Ophidion rochei,0
Ophidion smithi,0
Ophisurus serpens,0
Opistognathus dipharus,0
Opistognathus nigromarginatus,0
Oplegnathus fasciatus,0
Oplopomus oplopomus,0
Orcynopsis unicolor,0
Oreochromis mossambicus,0
Orthopristis chrysoptera,0
Osteomugil cunnesius,0
Osteomugil speigleri,0
Ostichthys acanthorhinus,0
Ostichthys hypsufensis,0
Ostorhinchus apogonoides,0
Ostorhinchus bryx,0
Ostorhinchus cookii,0
Ostorhinchus cyanosoma,0
Ostorhinchus fasciatus,1
Ostorhinchus fleurieu,0
Ostorhinchus gularis,0
Ostorhinchus nigrofasciatus,0
Ostorhinchus pselion,0
Ostorhinchus spilurus,0
Ostracion cubicum,1
Ostracion cyanurus,0
Oxycheilinus arenatus,0
Oxycheilinus digramma,0
Oxycheilinus mentalis,0
Oxycheilinus orientalis,0
Oxycirrhites typus,0
Oxymonacanthus halli,0
Oxynotus centrina,0
Oxyurichthys petersii,1
Pagellus acarne,0
Pagellus bellottii,0
Pagellus bogaraveo,0
Pagellus erythrinus,0
Pagrus auriga,0
Pagrus caeruleostictus,0
Pagrus major,0
Pagrus pagrus,0
Palutrus meteori,0
Palutrus scapulopunctatus,0
Pampus argenteus,0
Panturichthys fowleri,0
Papilloculiceps longiceps,1
Parablennius cyclops,0
Parablennius gattorugine,0
Parablennius incognitus,0
Parablennius pilicornis,0
Parablennius rouxi,0
Parablennius sanguinolentus,0
Parablennius tentacularis,0
Parablennius thysanius,0
Parablennius zvonimiri,0
Parabothus budkeri,0
Paracaesio sordida,0
Paracanthurus hepatus,1
Paracheilinus octotaenia,0
Paracirrhites forsteri,0
Paragobiodon echinocephalus,0
Paragobiodon xanthosoma,0
Paragunnellichthys springeri,0
Paralepis coregonoides,0
Paralepis speciosa,0
Paralichthys lethostigma,1
Paraliparis murieli,0
Paraluteres arqat,0
Paramonacanthus nematophorus,0
Paramonacanthus pusillus,0
Paranthias furcifer,0
Parapercis hexophtalma,0
Parapercis maculata,0
Parapercis simulata,0
Parapercis somaliensis,0
Paraplagusia bilineata,0
Parapriacanthus guentheri,0
Parapriacanthus sharm,0
Parapristipoma octolineatum,0
Parascolopsis aspinosa,0
Parascolopsis baranesi,0
Parascolopsis eriomma,0
Parascombrops philippinensis,0
Parascorpaena aurita,0
Parascorpaena mossambica,0
Parastromateus niger,0
Pardachirus marmoratus,0
Parexocoetus brachypterus,0
Parexocoetus mento,1
Parophidion vassali,0
Parupeneus cyclostomus,0
Parupeneus forsskali,1
Parupeneus heptacanthus,0
Parupeneus macronemus,0
Parupeneus rubescens,0
Pastinachus sephen,0
Pateobatis fai,0
Pectinochromis lubbocki,0
Pegusa impar,0
Pegusa lascaris,0
Pelates quadrilineatus,1
Pempheris mangula,0
Pempheris orbis,0
Pempheris rhomboidea,1
Pempheris schwenkii,0
Pempheris sergey,0
Pempheris shirleen,0
Pempheris tau,0
Pempheris tilman,0
Pempheris tiran,0
Pempheris tominagai,0
Pempheris viridis,0
Periophthalmus argentilineatus,0
Periophthalmus kalolo,0
Peristedion cataphractum,0
Pervagor randalli,0
Petromyzon marinus,0
Petroscirtes ancylodon,1
Petroscirtes mitratus,0
Phaenomonas cooperae,0
Photoblepharon steinitzi,0
Photopectoralis bindus,0
Phoxocampus belcheri,0
Phycis blennoides,0
Phycis phycis,0
Phyllophichthus xenodontus,0
Physiculus dalwigki,0
Physiculus marisrubri,0
Physiculus sudanensis,0
Pinguipes brasilianus,0
Pisodonophis cancrivorus,0
Pisodonophis semicinctus,0
Plagiotremus rhinorhynchos,0
Plagiotremus tapeinosoma,0
Plagiotremus townsendi,0
Plagipsetta sp.,0
Planiliza carinata,1
Planiliza haematocheilus,0
Planiliza subviridis,0
Planiliza tade,0
Platax boersii,0
Platax orbicularis,0
Platax teira,1
Platichthys flesus,0
Platybelone platura,0
Platycephalus indicus,1
Plectorhinchus albovittatus,0
Plectorhinchus flavomaculatus,0
Plectorhinchus gaterinus,0
Plectorhinchus gibbosus,0
Plectorhinchus mediterraneus,0
Plectorhinchus schotaf,0
Plectorhinchus sordidus,0
Plectranthias klausewitzi,0
Plectranthias nanus,0
Plectranthias winniensis,0
Plectroglyphidodon lacrymatus,0
Plectroglyphidodon leucozonus,0
Plectropomus areolatus,0
Plectropomus pessuliferus,0
Plesiops coeruleolineatus,0
Plesiops mystaxus,0
Plesiops nigricans,0
Pleurosicya micheli,0
Pleurosicya mossambica,0
Pleurosicya plicata,0
Pleurosicya prognatha,0
Plicofollis dussumieri,0
Plicomugil labiosus,0
Plotosus lineatus,1
Polyacanthonotus rissoanus,0
Polyprion americanus,0
Polysteganus coeruleopunctatus,0
Pomacanthus asfur,0
Pomacanthus imperator,1
Pomacanthus maculosus,0
Pomacentrus albicaudatus,0
Pomacentrus aquilus,0
Pomacentrus leptus,0
Pomacentrus sulfureus,0
Pomacentrus trichrourus,0
Pomacentrus trilineatus,0
Pomadasys argenteus,0
Pomadasys incisus,0
Pomadasys kaakan,0
Pomadasys maculatus,0
Pomadasys punctulatus,0
Pomadasys stridens,1
Pomatomus saltatrix,0
Pomatoschistus anatoliae,0
Pomatoschistus bathi,0
Pomatoschistus canestrinii,0
Pomatoschistus knerii,0
Pomatoschistus marmoratus,0
Pomatoschistus microps,0
Pomatoschistus minutus,0
Pomatoschistus nanus,0
Pomatoschistus norvegicus,0
Pomatoschistus pictus,0
Pomatoschistus quagga,0
Pomatoschistus tortonesei,0
Pontinus kuhlii,0
Priacanthus blochii,0
Priacanthus hamrur,0
Priacanthus prolixus,0
Priacanthus sagittarius,1
Priolepis cincta,0
Priolepis compita,0
Priolepis goldshmidtae,0
Priolepis melanops,0
Priolepis randalli,0
Priolepis semidoliata,0
Prionace glauca,0
Pristiapogon exostigma,0
Pristiapogon fraenatus,0
Pristiapogon kallopterus,0
Pristigenys refulgens,0
Pristipomoides filamentosus,0
Pristipomoides multidens,0
Pristipomoides sieboldii,0
Pristis pectinata,0
Pristis pristis,0
Pristis zijsron,0
Pristotis cyanostigma,0
Pristotis obtusirostris,0
Psenes pellucidus,0
Psettodes erumei,0
Pseudamia gelatinosa,0
Pseudamiops springeri,0
Pseudanthias gibbosus,0
Pseudanthias heemstrai,0
Pseudanthias lunulatus,0
Pseudanthias squamipinnis,0
Pseudanthias taeniatus,0
Pseudaphya ferreri,0
Pseudobalistes flavimarginatus,0
Pseudobalistes fuscus,0
Pseudocaranx dentex,0
Pseudocheilinus evanidus,0
Pseudocheilinus hexataenia,0
Pseudochromis dixurus,0
Pseudochromis flavivertex,0
Pseudochromis fridmani,0
Pseudochromis nigrovittatus,0
Pseudochromis olivaceus,0
Pseudochromis pesi,0
Pseudochromis sankeyi,0
Pseudochromis springeri,0
Pseudodax moluccanus,0
Pseudogramma megamyctera,0
Pseudorhombus arsius,0
Pseudupeneus prayensis,0
Psilogobius randalli,0
Ptarmus gallus,0
Pteragogus clarkae,0
Pteragogus cryptus,0
Pteragogus flagellifer,0
Pteragogus pelycus,0
Pteragogus trispilus,1
Ptereleotris arabica,0
Ptereleotris evides,0
Ptereleotris heteroptera,0
Ptereleotris microlepis,0
Ptereleotris zebra,0
Pterocaesio chrysozona,0
Pteroidichthys amboinensis,0
Pterois cincta,0
Pterois miles,1
Pterois mombasae,0
Pterois russelii,0
Pteroplatytrygon violacea,0
Pterygotrigla spirai,0
Pygoplites diacanthus,0
Rachycentron canadum,1
Raja asterias,0
Raja brachyura,0
Raja clavata,0
Raja miraletus,0
Raja montagui,0
Raja polystigma,0
Raja radula,0
Raja undulata,0
Ranzania laevis,0
Rastrelliger kanagurta,1
Regalecus glesne,0
Remora albescens,0
Remora australis,0
Remora brachyptera,0
Remora osteochir,0
Remora remora,0
Rhabdamia nigrimentum,0
Rhabdamia spilota,0
Rhabdosargus haffara,1
Rhabdosargus sarba,0
Rhina ancylostomus,0
Rhincodon typus,0
Rhinecanthus assasi,0
Rhinobatos punctifer,0
Rhinobatos rhinobatos,0
Rhinoptera javanica,0
Rhinoptera jayakari,0
Rhinoptera marginata,0
Rhizoprionodon acutus,0
Rhynchobatus djiddensis,0
Rhynchoconger trewavasae,1
Rhynchogadus hepaticus,0
Roa jayakari,0
Rogadius pristiger,0
Rostroraja alba,0
Ruvettus pretiosus,0
Salaria basilisca,0
Salaria pavo,0
Salarias fasciatus,0
Samaris cristatus,0
Samariscus inornatus,0
Sarda orientalis,0
Sarda sarda,0
Sardina pilchardus,0
Sardinella albella,0
Sardinella aurita,0
Sardinella gibbosa,1
Sardinella longiceps,0
Sardinella maderensis,0
Sargocentron caudimaculatum,0
Sargocentron diadema,0
Sargocentron ittodai,0
Sargocentron macrosquamis,0
Sargocentron marisrubri,0
Sargocentron punctatissimum,0
Sargocentron rubrum,1
Sargocentron spiniferum,0
Sarpa salpa,0
Saurenchelys lateromaculata,0
Saurenchelys meteori,0
Saurida golanii,0
Saurida gracilis,0
Saurida lessepsianus,1
Saurida longimanus,0
Saurida tumbil,0
Scartella cristata,0
Scarus collana,0
Scarus ferrugineus,0
Scarus frenatus,0
Scarus fuscopurpureus,0
Scarus ghobban,1
Scarus niger,0
Scarus psittacus,0
Scarus rubroviolaceus,0
Scarus scaber,0
Scarus viridifucatus,0
Scatophagus argus,0
Schedophilus medusophagus,0
Schedophilus ovalis,0
Schindleria elongata,0
Schindleria nigropunctata,0
Schindleria praematura,0
Sciaena umbra,0
Sciaenops ocellatus,1
Scolecenchelys gymnota,0
Scolecenchelys iredalei,0
Scolecenchelys laticaudata,0
Scoliodon laticaudus,0
Scolopsis bimaculata,0
Scolopsis ghanam,0
Scolopsis taeniata,0
Scolopsis vosmeri,0
Scomber australasicus,0
Scomber colias,0
Scomber scombrus,0
Scomberesox saurus,0
Scomberoides commersonnianus,0
Scomberoides lysan,0
Scomberomorus commerson,1
Scophthalmus maximus,0
Scophthalmus rhombus,0
Scorpaena decemradiata,0
Scorpaena elongata,0
Scorpaena loppei,0
Scorpaena maderensis,0
Scorpaena notata,0
Scorpaena porcus,0
Scorpaena scrofa,0
Scorpaena stephanica,0
Scorpaenodes arenai,0
Scorpaenodes evides,0
Scorpaenodes guamensis,0
Scorpaenodes hirsutus,0
Scorpaenodes parvipinnis,0
Scorpaenodes steinitzi,0
Scorpaenopsis barbata,0
Scorpaenopsis diabolus,0
Scorpaenopsis oxycephala,0
Scorpaenopsis possi,0
Scorpaenopsis venosa,0
Scorpaenopsis vittapinna,0
Scuticaria tigrina,0
Scyliorhinus canicula,0
Scyliorhinus duhameli,0
Scyliorhinus stellaris,0
Sebastapistes cyanostigma,0
Sebastapistes strongia,0
Selar crumenophthalmus,0
Selene dorsalis,0
Seriola carpenteri,0
Seriola dumerili,0
Seriola fasciata,0
Seriola rivoliana,0
Seriolina nigrofasciata,0
Serranus atricauda,0
Serranus cabrilla,0
Serranus hepatus,0
Serranus scriba,0
Siganus argenteus,0
Siganus fuscescens,0
Siganus luridus,1
Siganus rivulatus,1
Siganus stellatus,0
Sigmops elongatus,0
Silhouettea aegyptia,1
Silhouettea insinuans,0
Sillago sihama,0
Sillago suezensis,1
Siokunichthys bentuviai,0
Siokunichthys herrei,0
Siphamia goreni,0
Siphamia tubifer,0
Sirembo jerdoni,0
Skythrenchelys macrostomus,0
Solea aegyptiaca,0
Solea senegalensis,0
Solea solea,0
Soleichthys dori,0
Solenostomus cyanopterus,0
Solenostomus leptosoma,0
Solenostomus paradoxus,0
Somniosus rostratus,0
Sorsogona prionota,1
Sparisoma cretense,0
Sparus aurata,0
Speleogobius llorisi,0
Speleogobius trigloides,0
Sphaeramia orbicularis,0
Sphoeroides marmoratus,0
Sphoeroides pachygaster,0
Sphyraena barracuda,0
Sphyraena flavicauda,1
Sphyraena forsteri,0
Sphyraena iburiensis,0
Sphyraena jello,0
Sphyraena obtusata,0
Sphyraena pinguis,1
Sphyraena putnamae,0
Sphyraena qenie,0
Sphyraena sphyraena,0
Sphyraena viridensis,0
Sphyrna lewini,0
Sphyrna mokarran,0
Sphyrna tudes,0
Sphyrna zygaena,0
Spicara flexuosa,0
Spicara maena,0
Spicara smaris,0
Spondyliosoma cantharus,0
Spratelloides delicatulus,1
Spratelloides gracilis,0
Sprattus sprattus,0
Squalus acanthias,0
Squalus blainville,0
Squalus megalops,0
Squatina aculeata,0
Squatina oculata,0
Squatina squatina,0
Stalix davidsheni,0
Stegastes nigricans,0
Stegastes punctatus,0
Stegastes variabilis,0
Stegostoma fasciatum,0
Stephanolepis diaspros,1
Stethojulis albovittata,0
Stethojulis interrupta,0
Stolephorus indicus,1
Stolephorus insularis,1
Stomias affinis,0
Stomias boa,0
Stromateus fiatola,0
Strophidon sathete,0
Suculentophichthus nasus,0
Sudis hyalina,0
Sueviota pyrios,0
Suezichthys caudavittatus,0
Suezichthys russelli,0
Sufflamen albicaudatum,0
Sufflamen fraenatum,0
Symbolophorus veranyi,0
Symphodus cinereus,0
Symphodus doderleini,0
Symphodus mediterraneus,0
Symphodus melops,0
Symphodus ocellatus,0
Symphodus roissali,0
Symphodus rostratus,0
Symphodus tinca,0
Symphurus ligulatus,0
Symphurus nigrescens,0
Symphysanodon disii,0
Synagrops japonicus,0
Synanceia nana,0
Synanceia verrucosa,1
Synapturichthys kleinii,0
Synchiropus phaeton,0
Synchiropus sechellensis,0
Syngnathoides biaculeatus,0
Syngnathus abaster,0
Syngnathus acus,0
Syngnathus macrophthalmus,0
Syngnathus phlegon,0
Syngnathus rostellatus,0
Syngnathus safina,0
Syngnathus taenionotus,0
Syngnathus tenuirostris,0
Syngnathus typhle,0
Synodus dermatogenys,0
Synodus hoshinonis,0
Synodus indicus,0
Synodus randalli,0
Synodus saurus,0
Synodus synodus,0
Synodus variegatus,0
Taeniamia bilineata,0
Taeniamia fucata,0
Taeniamia lineolata,0
Taeniura grabata,0
Taeniura lymma,0
Taeniurops meyeni,0
Taractes rubescens,0
Taractichthys steindachneri,0
Taurulus bubalis,0
Teixeirichthys jordani,0
Tentoriceps cristatus,0
Terapon jarbua,1
Terapon puta,1
Terapon theraps,0
Tetragonurus cuvieri,0
Tetrapturus belone,0
Tetrapturus georgii,0
Tetronarce nobiliana,0
Tetrosomus gibbosus,1
Thalassoma lunare,0
Thalassoma pavo,0
Thalassoma purpureum,0
Thalassoma rueppellii,0
Thamnaconus erythraeensis,0
Thorogobius ephippiatus,0
Thorogobius macrolepis,0
Thryssa baelama,0
Thunnus alalunga,0
Thunnus albacares,0
Thunnus thynnus,0
Thunnus tonggol,0
Thyrsitoides marleyi,0
Thysanophrys springeri,0
Tomiyamichthys dorsostigma,0
Tomiyamichthys fourmanoiri,0
Tomiyamichthys latruncularius,0
Torpedo marmorata,0
Torpedo panthera,0
Torpedo sinuspersici,0
Torpedo suessii,0
Torpedo torpedo,0
Torquigener flavimaculosus,1
Trachinocephalus myops,0
Trachinotus baillonii,0
Trachinotus blochii,0
Trachinotus ovatus,0
Trachinus araneus,0
Trachinus draco,0
Trachinus radiatus,0
Trachipterus trachypterus,0
Trachurus indicus,0
Trachurus mediterraneus,0
Trachurus picturatus,0
Trachurus trachurus,0
Trachyrhamphus bicoarctatus,0
Trachyrhamphus longirostris,0
Trachyrincus scabrus,0
Trachyscorpia cristulata,0
Triaenodon obesus,0
Trichiurus auriga,0
Trichiurus lepturus,0
Trichonotus nikii,0
Tridentiger trigonocephalus,1
Trigla lyra,0
Trimma avidori,0
Trimma barralli,0
Trimma filamentosum,0
Trimma fishelsoni,0
Trimma flammeum,0
Trimma flavicaudatum,0
Trimma mendelssohni,0
Trimma quadrimaculatum,0
Trimma sheppardi,0
Trimma taylori,0
Trimma tevegae,0
Trimmatom nanus,0
Tripterodon orbis,0
Tripterygion delaisi,0
Tripterygion melanurus,0
Tripterygion tartessicum,0
Tripterygion tripteronotum,0
Trisopterus luscus,0
Trisopterus minutus,0
Trypauchen vagina,1
Tylerius spinosissimus,1
Tylosurus acus melanotus,0
Tylosurus choram,1
Tylosurus crocodilus,0
Tylosurus imperialis,0
Ulua mentalis,0
Umbrina canariensis,0
Umbrina cirrosa,0
Umbrina ronchus,0
Upeneus davidaromi,0
Upeneus guttatus,0
Upeneus heemstra,0
Upeneus margarethae,0
Upeneus moluccensis,1
Upeneus niebuhri,0
Upeneus pori,1
Upeneus suahelicus,0
Upeneus sulphureus,0
Upeneus vittatus,0
Uranoscopus affinis,0
Uranoscopus bauchotae,0
Uranoscopus dahlakensis,0
Uranoscopus dollfusi,0
Uranoscopus guttatus,0
Uranoscopus marisrubri,0
Uranoscopus rosette,0
Uranoscopus scaber,0
Uraspis helvola,0
Uroconger erythraeus,0
Uroconger lepturus,0
Urogymnus asperrimus,0
Urogymnus granulatus,0
Uropterygius concolor,0
Uropterygius genie,0
Uropterygius golanii,0
Uropterygius macrocephalus,0
Uropterygius micropterus,0
Uropterygius nagoensis,0
Uropterygius polyspilus,0
Valenciennea helsdingenii,0
Valenciennea parva,0
Valenciennea puellaris,0
Valenciennea sexguttata,0
Valenciennea wardii,0
Valenciennellus tripunctulatus,0
Vanderhorstia delagoae,0
Vanderhorstia mertensi,1
Vanderhorstia opercularis,0
Vanderhorstia ornatissima,0
Vanneaugobius dollfusi,0
Vanneaugobius pruvoti,0
Variola louti,0
Verulux cypselurus,0
Vinciguerria attenuata,0
Vinciguerria mabahiss,0
Vinciguerria poweriae,0
Wetmorella nigropinnata,0
Xenisthmus balius,0
Xenisthmus oligoporus,0
Xenisthmus polyzonatus,0
Xestochilus nebulosus,0
Xiphasia setifer,0
Xiphias gladius,0
Xyrichtys novacula,0
Yirrkala tenuis,0
Zameus squamulosus,0
Zapogon isus,0
Zebrasoma desjardinii,0
Zebrasoma flavescens,0
Zebrasoma xanthurum,0
Zebrus pallaoroi,0
Zebrus zebrus,0
Zenopsis conchifer,0
Zeugopterus regius,0
Zeus faber,0
Zoramia leptacantha,0
Zosterisessor ophiocephalus,0
Zu cristatus,0
