"species","sea","status","group","Family","mean_MaxN","max_MaxN","n_presence","depth_range","min_depth","sbt_range","sbt_min","sbt_max","corals","artificial","gravel","macroalgae","rocks","seagrass","silt","sand","soft_corals","population","B_prime_std"
"Abalistes stellatus","red","0","Natives - Red Sea","Balistidae",0.130081300813008,2,15,46.9,25.6,7,21,28,0.06,0,0,0.25,0.06,0.19,0,0.94,0,"Abalistes stellatus_red",0.458
"Acanthurus nigrofuscus","red","0","Natives - Red Sea","Acanthuridae",0.040650406504065,2,3,13.3,8.1,4,22,26,1,0.4,0,0,0.4,0,0,0.4,0,"Acanthurus nigrofuscus_red",0.178
"Aetobatus ocellatus","red","0","Natives - Red Sea","Myliobatidae",0.016260162601626,1,2,0.100000000000001,34.3,0,22,22,1,0,0,0,0,0,0.5,0,0,"Aetobatus ocellatus_red",0.263
"Aluterus scriptus","red","0","Natives - Red Sea","Monacanthidae",0.024390243902439,1,3,68.5,8.1,1,21,22,1,0.33,0,0,0.33,0,0,0.33,0,"Aluterus scriptus_red",0.133
"Amblyeleotris sungami","red","0","Natives - Red Sea","Gobiidae",0.024390243902439,2,2,23.4,22.1,2,22,24,0.33,0,0,0,0,0,0,1,0,"Amblyeleotris sungami_red",0.791
"Amphiprion bicinctus","red","0","Natives - Red Sea","Pomacentridae",0.032520325203252,2,2,43.7,16.4,0,24,24,0,0,0,0,0.5,0,0,1,0,"Amphiprion bicinctus_red",0.881
"Anampses lineatus","red","0","Natives - Red Sea","Labridae",0.032520325203252,3,2,5.5,54.6,0,24,24,0.25,0,0,0,0.75,0,0,1,0,"Anampses lineatus_red",0.373
"Anampses twistii","red","0","Natives - Red Sea","Labridae",0.016260162601626,1,2,12.9,21.4,3,22,25,1,0,0,0,0,0,0.5,0,0,"Anampses twistii_red",0.263
"Apolemichthys xanthotis","red","0","Natives - Red Sea","Pomacanthidae",0.211382113821138,3,15,119.9,8.1,4,20,24,0.96,0.12,0.08,0,0.08,0.12,0.08,0.54,0,"Apolemichthys xanthotis_red",0.47
"Argyrops megalommatus","red","0","Natives - Red Sea","Sparidae",0.544715447154472,11,22,64.8,84.2,4,19,23,0.43,0.03,0,0,0.39,0,0.69,0.28,0,"Argyrops megalommatus_red",0.844
"Argyrops spinifer","red","0","Natives - Red Sea","Sparidae",0.0569105691056911,2,6,78,57,3,21,24,0.43,0,0,0,0.71,0,0.57,0.43,0,"Argyrops spinifer_red",0.715
"Arothron hispidus","red","0","Natives - Red Sea","Tetraodontidae",0.032520325203252,1,4,52.2,15.5,2,22,24,0.25,0,0,0,0,0.25,0,1,0,"Arothron hispidus_red",0.693
"Arothron stellatus","red","0","Natives - Red Sea","Tetraodontidae",0.032520325203252,2,3,70.7,16.5,7,21,28,0,0,0,0.25,0,0,0,1,0,"Arothron stellatus_red",0.391
"Balistapus undulatus","red","0","Natives - Red Sea","Balistidae",0.130081300813008,2,12,27.9,8.1,5,21,26,1,0.12,0.06,0,0.06,0.25,0.12,0.5,0,"Balistapus undulatus_red",0.479
"Bodianus anthioides","red","0","Natives - Red Sea","Labridae",0.252032520325203,5,14,97.9,8.1,4,22,26,1,0.03,0,0,0.03,0,0,0.61,0,"Bodianus anthioides_red",0.374
"Bodianus opercularis","red","0","Natives - Red Sea","Labridae",0.032520325203252,3,2,41.1,53.3,1,22,23,1,0,0,0,0,0,0,0.25,0,"Bodianus opercularis_red",0.086
"Boops boops","med","0","Natives - Med. Sea","Sparidae",5.90322580645161,326,9,126.9,10.1,12,16,28,0,0,0,0.52,0.3,0,0.01,0.69,0,"Boops boops_med",0.801
"Bothus podas","med","0","Natives - Med. Sea","Bothidae",0.0241935483870968,2,2,18.7,29.6,1,24,25,0,0,0,0,0,0,0,1,0,"Bothus podas_med",0.661
"Caesio lunaris","red","0","Natives - Red Sea","Caesionidae",0.268292682926829,14,4,78.1,8.1,6,22,28,0.97,0.42,0,0,0.42,0,0,0.45,0,"Caesio lunaris_red",0.228
"Caesio suevica","red","0","Natives - Red Sea","Caesionidae",0.75609756097561,73,7,42.5,8.1,5,21,26,0.85,0.78,0.04,0,0.78,0,0,0.16,0,"Caesio suevica_red",0.067
"Calotomus viridescens","red","0","Natives - Red Sea","Scaridae",0.024390243902439,2,2,6.4,34,3,21,24,0.67,0.33,0,0,0,0,0,1,0,"Calotomus viridescens_red",0.772
"Canthigaster cyanospilota","red","0","Natives - Red Sea","Tetraodontidae",0.024390243902439,1,3,57,15.5,3,21,24,0.33,0.33,0,0,0.33,0.33,0,1,0,"Canthigaster cyanospilota_red",0.791
"Caranx crysos","med","0","Natives - Med. Sea","Carangidae",0.153225806451613,7,5,31.2,10.2,6,24,30,0,0,0.32,0.42,0.42,0,0,0.26,0,"Caranx crysos_med",0.633
"Centropyge multispinis","red","0","Natives - Red Sea","Pomacanthidae",0.032520325203252,2,2,2.9,37.5,7,21,28,1,0,0,0,0,0,0,0.5,0,"Centropyge multispinis_red",0.263
"Cephalopholis argus","red","0","Natives - Red Sea","Serranidae",0.130081300813008,3,10,49.4,10.7,3,22,25,0.88,0,0,0,0.12,0,0,0.44,0,"Cephalopholis argus_red",0.208
"Cephalopholis hemistiktos","red","0","Natives - Red Sea","Serranidae",0.235772357723577,5,13,39.9,16.8,7,21,28,0.97,0.07,0.03,0,0,0.07,0.1,0.41,0,"Cephalopholis hemistiktos_red",0.327
"Cephalopholis miniata","red","0","Natives - Red Sea","Serranidae",0.0650406504065041,2,5,59.5,10.5,4,22,26,1,0.12,0.12,0,0,0.12,0,0.38,0,"Cephalopholis miniata_red",0.263
"Cephalopholis oligosticta","red","0","Natives - Red Sea","Serranidae",0.016260162601626,1,2,19.7,52.8,3,21,24,1,0,0,0,0.5,0,0,1,0,"Cephalopholis oligosticta_red",0.373
"Cephalopholis sexmaculata","red","0","Natives - Red Sea","Serranidae",0.024390243902439,1,3,18,110,0,22,22,1,0,0,0,0,0,0.33,0,0,"Cephalopholis sexmaculata_red",0.133
"Cetoscarus bicolor","red","0","Natives - Red Sea","Scaridae",0.032520325203252,1,4,42.8,10.5,4,22,26,1,0,0,0,0,0,0,0.5,0,"Cetoscarus bicolor_red",0.263
"Chaetodon auriga","red","0","Natives - Red Sea","Chaetodontidae",0.138211382113821,2,10,40.3,8.1,4,21,25,1,0.24,0.12,0,0.12,0.35,0.06,0.24,0,"Chaetodon auriga_red",0.291
"Chaetodon austriacus","red","1","Lessepsians - Red Sea","Chaetodontidae",0.121951219512195,2,8,42.3,10.5,4,24,28,1,0,0,0,0,0,0,0.53,0,"Chaetodon austriacus_red",0.295
"Chaetodon fasciatus","red","0","Natives - Red Sea","Chaetodontidae",0.105691056910569,2,8,35,10.5,5,21,26,1,0,0,0,0,0.15,0,0.62,0,"Chaetodon fasciatus_red",0.486
"Chaetodon lineolatus","red","0","Natives - Red Sea","Chaetodontidae",0.016260162601626,1,2,3.7,29.1,0,24,24,1,0,0,0,0,0,0,0.5,0,"Chaetodon lineolatus_red",0.263
"Chaetodon melannotus","red","0","Natives - Red Sea","Chaetodontidae",0.040650406504065,2,3,22.3,10.5,4,22,26,1,0,0,0,0,0,0,0.6,0,"Chaetodon melannotus_red",0.361
"Chaetodon paucifasciatus","red","0","Natives - Red Sea","Chaetodontidae",0.292682926829268,2,19,101.9,8.1,7,21,28,0.94,0.06,0,0,0.11,0,0,0.58,0,"Chaetodon paucifasciatus_red",0.344
"Cheilinus abudjubbe","red","0","Natives - Red Sea","Labridae",0.0813008130081301,2,9,42.5,8.1,4,22,26,1,0.2,0,0,0.2,0,0,0.4,0,"Cheilinus abudjubbe_red",0.178
"Cheilinus lunulatus","red","0","Natives - Red Sea","Labridae",0.040650406504065,2,4,22.5,10.3,4,22,26,1,0,0,0,0,0,0,0.4,0,"Cheilinus lunulatus_red",0.178
"Chlorurus genazonatus","red","0","Natives - Red Sea","Scaridae",0.032520325203252,1,4,25.8,24.8,0,24,24,1,0,0,0,0,0,0,0.5,0,"Chlorurus genazonatus_red",0.263
"Chlorurus sordidus","red","0","Natives - Red Sea","Scaridae",0.138211382113821,3,9,44.7,8.1,2,22,24,1,0.12,0,0,0.12,0,0,0.59,0,"Chlorurus sordidus_red",0.349
"Choerodon robustus","red","0","Natives - Red Sea","Labridae",0.252032520325203,3,19,110,34,8,20,28,0.39,0.1,0,0.1,0.48,0,0.1,0.81,0,"Choerodon robustus_red",0.779
"Chromis chromis","med","0","Natives - Med. Sea","Pomacentridae",0.758064516129032,19,10,34.4,5.6,12,18,30,0,0,0,0.59,1,0,0,0.27,0,"Chromis chromis_med",0.176
"Chromis dimidiata","red","0","Natives - Red Sea","Pomacentridae",0.0487804878048781,4,2,2.7,50.6,2,22,24,1,0,0,0,0,0,0,0,0,"Chromis dimidiata_red",0
"Chromis pelloura","red","0","Natives - Red Sea","Pomacentridae",0.24390243902439,23,5,83.1,41.9,4,21,25,1,0,0,0,0.03,0,0,1,0,"Chromis pelloura_red",0.373
"Cirrhilabrus blatteus","red","0","Natives - Red Sea","Labridae",0.284552845528455,12,6,46,48.4,4,21,25,1,0,0,0,0,0,0,0.6,0,"Cirrhilabrus blatteus_red",0.361
"Cirrhilabrus rubriventralis","red","0","Natives - Red Sea","Labridae",0.0894308943089431,9,2,31.6,16.8,0,22,22,1,0.82,0.82,0,0,0.82,0,0,0,"Cirrhilabrus rubriventralis_red",0.49
"Coris aygula","red","0","Natives - Red Sea","Labridae",0.0650406504065041,2,7,42.8,10,5,21,26,0.75,0,0.25,0,0,0.12,0,0.5,0,"Coris aygula_red",0.834
"Coris caudimacula","red","0","Natives - Red Sea","Labridae",0.0569105691056911,2,6,29.9,10.5,5,21,26,1,0.14,0.14,0,0,0.29,0.14,0.57,0,"Coris caudimacula_red",0.481
"Coris julis","med","0","Natives - Med. Sea","Labridae",0.838709677419355,14,26,34.4,5.6,13,17,30,0,0,0.13,0.65,0.87,0,0,0.45,0,"Coris julis_med",0.311
"Ctenochaetus striatus","red","0","Natives - Red Sea","Acanthuridae",0.170731707317073,8,8,44.7,8.1,2,22,24,1,0.1,0,0,0.1,0,0,0.48,0,"Ctenochaetus striatus_red",0.241
"Cyclichthys spilostylus","red","1","Lessepsians - Red Sea","Diodontidae",0.040650406504065,1,5,118.5,16.5,6,22,28,0,0,0,0.2,0,0.4,0,1,0,"Cyclichthys spilostylus_red",0.391
"Dascyllus marginatus","red","0","Natives - Red Sea","Pomacentridae",0.235772357723577,9,8,24.1,10.3,4,22,26,1,0.1,0.1,0,0,0.17,0,0.69,0,"Dascyllus marginatus_red",0.49
"Dascyllus trimaculatus","red","0","Natives - Red Sea","Pomacentridae",0.634146341463415,43,7,52,8.1,3,21,24,0.09,0.29,0,0,0.15,0.03,0,0.91,0,"Dascyllus trimaculatus_red",0.556
"Dasyatis pastinaca","med","0","Natives - Med. Sea","Dasyatidae",0.0241935483870968,2,2,1.8,13.8,0,24,24,0,0,0.67,0.67,0.33,0,0,1,0,"Dasyatis pastinaca_med",0.595
"Dentex dentex","med","0","Natives - Med. Sea","Sparidae",0.0241935483870968,1,3,2.4,10.2,9,18,27,0,0,0.33,1,1,0,0,0,0,"Dentex dentex_med",0.195
"Dentex macrophthalmus","med","0","Natives - Med. Sea","Sparidae",0.798387096774194,34,15,69.9,71.1,3,15,18,0,0,0,0,0.02,0,1,0,0,"Dentex macrophthalmus_med",0.692
"Dentex maroccanus","med","0","Natives - Med. Sea","Sparidae",0.241935483870968,5,15,50.6,90.4,2,15,17,0,0,0,0,0.23,0,1,0,0,"Dentex maroccanus_med",0.955
"Diplodus sargus","med","0","Natives - Med. Sea","Sparidae",0.104838709677419,5,6,30.6,9.4,12,18,30,0,0,0,0.85,1,0,0,0.54,0,"Diplodus sargus_med",0.179
"Diplodus vulgaris","med","0","Natives - Med. Sea","Sparidae",0.193548387096774,15,3,28.6,11.4,6,18,24,0,0,0,0.62,1,0,0,0.25,0,"Diplodus vulgaris_med",0.171
"Echeneis naucrates","med","0","Lessepsians - Med. Sea","Echeneidae",0.0645161290322581,2,6,26.3,5.6,13,17,30,0,0,0.12,0.38,0.62,0,0,0.75,0,"Echeneis naucrates_med",0.526
"Echeneis naucrates","red","0","Lessepsians - Red Sea","Echeneidae",0.016260162601626,1,2,33.5,37.5,7,21,28,0.5,0,0,0.5,0,0,0,0.5,0,"Echeneis naucrates_red",0.265
"Epinephelus areolatus","red","1","Lessepsians - Red Sea","Serranidae",0.16260162601626,4,12,124.4,19.6,9,20,29,0.5,0.35,0,0,0.2,0.1,0.15,0.7,0,"Epinephelus areolatus_red",0.976
"Epinephelus costae","med","0","Natives - Med. Sea","Serranidae",0.137096774193548,3,12,31.4,8.6,11,17,28,0,0,0.12,0.76,1,0,0,0.53,0,"Epinephelus costae_med",0.136
"Epinephelus fasciatus","red","1","Lessepsians - Red Sea","Serranidae",0.422764227642276,10,19,111.8,8.1,6,20,26,0.85,0.23,0.04,0,0.19,0.08,0,0.62,0,"Epinephelus fasciatus_red",0.519
"Epinephelus marginatus","med","0","Natives - Med. Sea","Serranidae",0.0564516129032258,2,5,20.8,10.1,5,23,28,0,0,0,0.57,1,0,0,0.43,0,"Epinephelus marginatus_med",0.201
"Fistularia commersonii","med","1","Lessepsians - Med. Sea","Fistulariidae",0.032258064516129,1,4,19.6,15.6,8,18,26,0,0,0.5,0.75,0.5,0,0,0.5,0,"Fistularia commersonii_med",0.791
"Fistularia commersonii","red","1","Lessepsians - Red Sea","Fistulariidae",0.154471544715447,2,15,83.9,10.5,7,21,28,0.32,0.05,0,0.16,0,0.37,0,0.74,0,"Fistularia commersonii_red",0.804
"Genicanthus caudovittatus","red","0","Natives - Red Sea","Pomacanthidae",0.373983739837398,8,14,93.1,26.8,7,21,28,1,0,0,0,0,0,0,0.43,0,"Genicanthus caudovittatus_red",0.206
"Gnathanodon speciosus","red","0","Natives - Red Sea","Carangidae",0.113821138211382,7,4,50.3,22.1,6,21,27,0,0,0,0,0,0.64,0,1,0,"Gnathanodon speciosus_red",0.391
"Gobius bucchichi","med","0","Natives - Med. Sea","Gobiidae",0.0806451612903226,4,5,12.2,10.4,13,17,30,0,0,0,0.2,1,0,0,0.5,0,"Gobius bucchichi_med",0.19
"Gymnocranius grandoculis","red","0","Natives - Red Sea","Lethrinidae",0.24390243902439,2,27,117,20,7,21,28,0.27,0.1,0,0.13,0.2,0.1,0.07,0.9,0.03,"Gymnocranius grandoculis_red",0.869
"Gymnothorax angusticauda","red","0","Natives - Red Sea","Muraenidae",0.268292682926829,5,18,57.2,15.2,8,21,29,0,0,0,0.06,0,0.76,0,0.88,0,"Gymnothorax angusticauda_red",0.391
"Gymnothorax elegans","red","0","Natives - Red Sea","Muraenidae",0.0894308943089431,1,11,67.8,70,5,20,25,0.73,0,0,0,0.18,0,0.45,0.45,0,"Gymnothorax elegans_red",0.572
"Gymnothorax griseus","red","0","Natives - Red Sea","Muraenidae",0.235772357723577,5,17,56.1,10.3,7,21,28,0.17,0.03,0,0,0,0.66,0,0.83,0,"Gymnothorax griseus_red",0.593
"Gymnothorax johnsoni","red","0","Natives - Red Sea","Muraenidae",0.105691056910569,2,12,116.2,24.8,8,20,28,0.69,0,0,0,0.15,0.08,0.31,0.38,0,"Gymnothorax johnsoni_red",0.755
"Gymnothorax nudivomer","red","0","Natives - Red Sea","Muraenidae",0.146341463414634,2,17,107.9,10.3,8,20,28,0.94,0.11,0.06,0.06,0,0.11,0.11,0.44,0,"Gymnothorax nudivomer_red",0.468
"Gymnothorax undulatus","red","0","Natives - Red Sea","Muraenidae",0.024390243902439,1,3,11.4,21.4,1,24,25,1,0,0,0,0,0,0,0.33,0,"Gymnothorax undulatus_red",0.133
"Heniochus diphreutes","red","0","Natives - Red Sea","Chaetodontidae",0.0813008130081301,5,3,60.2,16.4,3,21,24,0.5,0,0,0,0.2,0,0,1,0,"Heniochus diphreutes_red",0.733
"Heniochus intermedius","red","1","Lessepsians - Red Sea","Chaetodontidae",0.0731707317073171,2,5,40.6,10,3,21,24,0.89,0,0.11,0,0,0,0,0.44,0,"Heniochus intermedius_red",0.358
"Himantura uarnak","med","1","Lessepsians - Med. Sea","Dasyatidae",0.0161290322580645,1,2,13.3,10.1,11,17,28,0,0,0,0.5,1,0,0,0.5,0,"Himantura uarnak_med",0.19
"Himantura uarnak","red","1","Lessepsians - Red Sea","Dasyatidae",0.0569105691056911,2,6,43.9,10.7,6,21,27,0.57,0,0,0,0,0.43,0,0.86,0,"Himantura uarnak_red",0.857
"Hipposcarus harid","red","0","Natives - Red Sea","Scaridae",0.0569105691056911,3,5,38.1,10.3,4,22,26,1,0.14,0.14,0,0,0.29,0,0.71,0,"Hipposcarus harid_red",0.481
"Labroides dimidiatus","red","0","Natives - Red Sea","Labridae",0.0975609756097561,2,9,49.6,10.5,4,22,26,0.58,0,0,0,0.17,0.33,0,0.75,0,"Labroides dimidiatus_red",0.743
"Lagocephalus guentheri","med","1","Lessepsians - Med. Sea","Tetraodontidae",0.193548387096774,5,8,56.5,29.6,8,17,25,0,0,0.12,0,0,0,0.08,0.79,0,"Lagocephalus guentheri_med",0.661
"Lagocephalus sceleratus","med","1","Lessepsians - Med. Sea","Tetraodontidae",1.60483870967742,14,55,104.9,8.6,14,16,30,0,0,0.07,0.22,0.29,0.02,0.12,0.7,0.03,"Lagocephalus sceleratus_med",0.993
"Lagocephalus sceleratus","red","1","Lessepsians - Red Sea","Tetraodontidae",0.617886178861789,13,21,72,15.2,3,21,24,0.05,0,0,0.2,0.05,0.28,0,0.78,0,"Lagocephalus sceleratus_red",0.447
"Lagocephalus suezensis","med","1","Lessepsians - Med. Sea","Tetraodontidae",0.790322580645161,23,13,63.4,27,12,16,28,0,0,0.2,0.02,0.08,0.04,0.09,0.74,0,"Lagocephalus suezensis_med",0.767
"Lagocephalus suezensis","red","1","Lessepsians - Red Sea","Tetraodontidae",0.0569105691056911,5,3,33.6,16.4,3,21,24,0,0,0,0,0,0.14,0,1,0,"Lagocephalus suezensis_red",0.391
"Larabicus quadrilineatus","red","0","Natives - Red Sea","Labridae",0.016260162601626,1,2,4.7,32.8,4,24,28,1,0,0,0,0,0,0,0,0,"Larabicus quadrilineatus_red",0
"Lethrinus borbonicus","red","0","Natives - Red Sea","Lethrinidae",0.463414634146341,18,19,127.9,8.1,7,21,28,0.65,0.14,0.02,0.19,0.09,0.05,0,0.86,0,"Lethrinus borbonicus_red",0.897
"Lethrinus mahsena","red","0","Natives - Red Sea","Lethrinidae",0.170731707317073,3,16,97.9,8.1,5,21,26,0.95,0.1,0.1,0,0.05,0.14,0.14,0.48,0,"Lethrinus mahsena_red",0.538
"Lethrinus nebulosus","red","0","Natives - Red Sea","Lethrinidae",0.398373983739837,4,33,74.2,10,8,21,29,0.43,0,0.02,0.08,0.02,0.31,0,0.82,0.02,"Lethrinus nebulosus_red",0.945
"Lethrinus variegatus","red","0","Natives - Red Sea","Lethrinidae",0.67479674796748,21,9,17.1,15.2,8,21,29,0,0,0,0,0,1,0,0.83,0,"Lethrinus variegatus_red",0.391
"Lethrinus xanthochilus","red","0","Natives - Red Sea","Lethrinidae",0.016260162601626,1,2,18.5,22.1,1,21,22,0,0,0,0,0,0,0,1,0,"Lethrinus xanthochilus_red",0.391
"Meiacanthus nigrolineatus","red","0","Natives - Red Sea","Blenniidae",0.016260162601626,1,2,4.6,15.5,0,22,22,0.5,0,0,0,0,1,0,1,0,"Meiacanthus nigrolineatus_red",0.881
"Muraena helena","med","0","Natives - Med. Sea","Muraenidae",0.0161290322580645,1,2,10.4,10.2,7,18,25,0,0,0,0.5,1,0,0,0.5,0,"Muraena helena_med",0.19
"Mycteroperca rubra","med","0","Natives - Med. Sea","Serranidae",0.0967741935483871,4,7,31.4,8.6,11,17,28,0,0,0.33,0.75,1,0,0,0.08,0,"Mycteroperca rubra_med",0.202
"Myrichthys maculosus","red","0","Natives - Red Sea","Ophichthidae",0.016260162601626,1,2,1.9,8.1,1,21,22,0.5,0.5,0.5,0,0.5,0,0,0,0,"Myrichthys maculosus_red",0.265
"Naso unicornis","red","0","Natives - Red Sea","Acanthuridae",0.0731707317073171,2,8,51.9,10.3,7,21,28,0.78,0,0,0.11,0,0.11,0,0.44,0,"Naso unicornis_red",0.383
"Nemipterus randalli","med","1","Lessepsians - Med. Sea","Nemipteridae",1.14516129032258,13,48,116,27,10,15,25,0,0,0,0,0.06,0,0.61,0.39,0.06,"Nemipterus randalli_med",0.762
"Nemipterus zysron","red","0","Natives - Red Sea","Nemipteridae",0.699186991869919,8,34,112.1,27.9,9,19,28,0.12,0.01,0,0.31,0.07,0.02,0.09,0.9,0.03,"Nemipterus zysron_red",0.551
"Odonus niger","red","0","Natives - Red Sea","Balistidae",0.731707317073171,52,9,26,10,5,21,26,0.98,0,0.01,0,0,0.21,0,0.71,0,"Odonus niger_red",0.5
"Ostracion cubicum","red","1","Lessepsians - Red Sea","Ostraciidae",0.016260162601626,1,2,52.2,15.5,1,22,23,0,0,0,0,0,0.5,0,1,0,"Ostracion cubicum_red",0.391
"Ostracion cyanurus","red","0","Natives - Red Sea","Ostraciidae",0.040650406504065,1,5,46,10.7,6,22,28,0.8,0,0,0,0,0.4,0,0.8,0,"Ostracion cyanurus_red",0.751
"Oxycheilinus digramma","red","0","Natives - Red Sea","Labridae",0.032520325203252,2,3,23.7,29.1,0,24,24,1,0,0,0,0,0,0,0.75,0,"Oxycheilinus digramma_red",0.479
"Oxycheilinus mentalis","red","0","Natives - Red Sea","Labridae",0.16260162601626,5,12,78.9,15.5,6,21,27,0.4,0,0,0,0,0.65,0.05,0.6,0,"Oxycheilinus mentalis_red",0.904
"Pagellus acarne","med","0","Natives - Med. Sea","Sparidae",2.33064516129032,104,11,111,30,8,16,24,0,0,0.01,0,0.36,0,0.99,0,0,"Pagellus acarne_med",0.728
"Pagellus erythrinus","med","0","Natives - Med. Sea","Sparidae",0.42741935483871,10,19,124.8,9.6,10,16,26,0,0,0.32,0.34,0.02,0,0.43,0.55,0.11,"Pagellus erythrinus_med",0.69
"Pagrus caeruleostictus","med","0","Natives - Med. Sea","Sparidae",0.209677419354839,4,15,44,5.6,13,17,30,0,0,0.19,0.58,0.77,0,0,0.42,0,"Pagrus caeruleostictus_med",0.411
"Parablennius zvonimiri","med","0","Natives - Med. Sea","Blenniidae",0.0161290322580645,1,2,3.7,10.1,4,24,28,0,0,0,0.5,1,0,0,0.5,0,"Parablennius zvonimiri_med",0.19
"Paracaesio sordida","red","0","Natives - Red Sea","Lutjanidae",0.130081300813008,13,2,5,110,2,20,22,0.81,0,0,0,0.19,0,0,0.19,0,"Paracaesio sordida_red",0.059
"Paracheilinus octotaenia","red","0","Natives - Red Sea","Labridae",3.61788617886179,117,16,49.6,10.5,5,21,26,0.97,0.03,0.03,0,0.03,0.12,0.02,0.16,0,"Paracheilinus octotaenia_red",0.105
"Parapercis somaliensis","red","0","Natives - Red Sea","Pinguipedidae",0.16260162601626,2,16,56.7,92.3,4,19,23,0.7,0,0,0,0.2,0,0.5,0.45,0,"Parapercis somaliensis_red",0.685
"Parupeneus cyclostomus","red","0","Natives - Red Sea","Mullidae",0.146341463414634,3,10,61.9,8.1,5,21,26,1,0.17,0,0,0.17,0.06,0,0.56,0,"Parupeneus cyclostomus_red",0.372
"Parupeneus forsskali","med","1","Lessepsians - Med. Sea","Mullidae",1.10483870967742,42,17,26.6,8.6,11,17,28,0,0,0.23,0.47,0.77,0,0,0.52,0,"Parupeneus forsskali_med",0.416
"Parupeneus forsskali","red","1","Lessepsians - Red Sea","Mullidae",2.05691056910569,47,32,86.3,8.1,8,21,29,0.26,0.07,0,0.04,0.21,0.43,0.01,0.86,0,"Parupeneus forsskali_red",0.958
"Parupeneus heptacanthus","red","0","Natives - Red Sea","Mullidae",1.00813008130081,20,40,124.6,16.4,8,21,29,0.21,0.1,0,0.2,0.1,0.17,0.01,0.91,0.04,"Parupeneus heptacanthus_red",0.714
"Parupeneus macronemus","red","0","Natives - Red Sea","Mullidae",0.471544715447154,8,22,52,8.1,8,21,29,0.76,0.03,0.02,0,0.09,0.33,0.03,0.72,0,"Parupeneus macronemus_red",0.698
"Parupeneus rubescens","red","0","Natives - Red Sea","Mullidae",0.0975609756097561,6,6,118.6,16.4,4,20,24,0.33,0,0,0,0.08,0.17,0.17,0.75,0,"Parupeneus rubescens_red",0.826
"Pervagor randalli","red","0","Natives - Red Sea","Monacanthidae",0.016260162601626,1,2,12.9,21.4,3,22,25,1,0,0,0,0,0,0.5,0,0,"Pervagor randalli_red",0.263
"Platax orbicularis","red","0","Natives - Red Sea","Ephippidae",0.016260162601626,1,2,14.6,36,1,24,25,1,0,0,0,0,0,0,0.5,0,"Platax orbicularis_red",0.263
"Plectropomus pessuliferus","red","0","Natives - Red Sea","Serranidae",0.032520325203252,1,4,103.7,10.3,5,21,26,1,0,0,0,0,0,0.25,0.75,0,"Plectropomus pessuliferus_red",0.373
"Pomacanthus imperator","red","1","Lessepsians - Red Sea","Pomacanthidae",0.032520325203252,1,4,50.1,10,3,21,24,0.25,0,0.25,0,0.25,0.25,0,0.75,0,"Pomacanthus imperator_red",0.881
"Pomacanthus maculosus","red","0","Natives - Red Sea","Pomacanthidae",0.024390243902439,1,3,18.7,26.8,6,22,28,1,0,0,0,0,0,0,0.33,0,"Pomacanthus maculosus_red",0.133
"Pomacentrus trichrourus","red","0","Natives - Red Sea","Pomacentridae",1.10569105691057,35,18,43.3,10.5,7,21,28,1,0,0,0,0,0.05,0.08,0.28,0,"Pomacentrus trichrourus_red",0.155
"Pseudanthias squamipinnis","red","0","Natives - Red Sea","Serranidae",0.178861788617886,19,2,10.9,10.5,1,25,26,1,0,0,0,0,0,0,0.14,0,"Pseudanthias squamipinnis_red",0.039
"Pseudanthias taeniatus","red","0","Natives - Red Sea","Serranidae",0.0569105691056911,5,3,33.2,20.1,2,22,24,0.86,0.14,0,0,0,0.14,0,0.29,0,"Pseudanthias taeniatus_red",0.109
"Pseudobalistes fuscus","red","0","Natives - Red Sea","Balistidae",0.040650406504065,1,5,49.6,10.5,4,22,26,0.8,0,0,0,0.2,0,0.2,0.6,0,"Pseudobalistes fuscus_red",0.491
"Pseudocheilinus evanidus","red","0","Natives - Red Sea","Labridae",0.105691056910569,3,7,20.5,32.8,6,22,28,1,0,0,0,0,0,0.23,0.08,0,"Pseudocheilinus evanidus_red",0.117
"Pseudochromis fridmani","red","0","Natives - Red Sea","Pseudochromidae",0.024390243902439,2,2,6,26.8,2,22,24,1,0,0,0,0,0,0,0,0,"Pseudochromis fridmani_red",0
"Pseudochromis pesi","red","0","Natives - Red Sea","Pseudochromidae",0.024390243902439,1,3,40.6,36,4,21,25,1,0,0,0,0,0,0,1,0,"Pseudochromis pesi_red",0.373
"Pseudochromis springeri","red","0","Natives - Red Sea","Pseudochromidae",0.040650406504065,1,5,30.4,10.5,4,22,26,1,0,0,0,0,0,0,0.6,0,"Pseudochromis springeri_red",0.361
"Pteragogus trispilus","med","1","Lessepsians - Med. Sea","Labridae",0.032258064516129,1,4,5.2,10.4,13,17,30,0,0,0.25,0.75,0.75,0,0,0.5,0,"Pteragogus trispilus_med",0.427
"Pterois miles","med","1","Lessepsians - Med. Sea","Scorpaenidae",0.0403225806451613,2,4,23.8,15.6,9,17,26,0,0,0.4,0.8,0.6,0,0,0.8,0,"Pterois miles_med",0.503
"Pterois miles","red","1","Lessepsians - Red Sea","Scorpaenidae",0.170731707317073,4,16,72,15.2,5,21,26,0.1,0.14,0,0.19,0.05,0.33,0,0.86,0,"Pterois miles_red",0.538
"Pygoplites diacanthus","red","0","Natives - Red Sea","Pomacanthidae",0.032520325203252,2,2,9.1,32.8,0,24,24,1,0,0,0,0,0,0,0.5,0,"Pygoplites diacanthus_red",0.263
"Raja clavata","med","0","Natives - Med. Sea","Rajidae",0.032258064516129,2,3,21.4,103,2,16,18,0,0,0,0,0.5,0,1,0,0,"Raja clavata_med",0.332
"Rhinecanthus assasi","red","0","Natives - Red Sea","Balistidae",0.024390243902439,2,2,0.199999999999999,10.3,2,24,26,1,0,0,0,0,0,0,1,0,"Rhinecanthus assasi_red",0.373
"Rhinobatos punctifer","red","0","Natives - Red Sea","Rhinobatidae",0.0569105691056911,1,7,91.3,45.7,3,21,24,0,0,0,0.29,0.14,0,0.14,0.86,0,"Rhinobatos punctifer_red",0.555
"Rhinobatos rhinobatos","med","0","Natives - Med. Sea","Rhinobatidae",0.032258064516129,2,3,15.3,45.8,5,17,22,0,0,0,0,0,0,0.25,0.75,0,"Rhinobatos rhinobatos_med",0.661
"Rhinoptera marginata","med","0","Natives - Med. Sea","Myliobatidae",0.104838709677419,3,7,24.1,8.7,10,18,28,0,0,0.15,0.38,0.62,0,0,0.62,0,"Rhinoptera marginata_med",0.629
"Sargocentron caudimaculatum","red","0","Natives - Red Sea","Holocentridae",0.016260162601626,1,2,3.7,29.1,0,24,24,1,0,0,0,0,0,0,0.5,0,"Sargocentron caudimaculatum_red",0.263
"Sargocentron rubrum","med","1","Lessepsians - Med. Sea","Holocentridae",0.145161290322581,13,4,12.3,10.1,4,24,28,0,0,0,0.22,1,0,0,0.78,0,"Sargocentron rubrum_med",0.078
"Saurida lessepsianus","med","1","Lessepsians - Med. Sea","Synodontidae",0.0403225806451613,1,5,66.2,66.2,3,15,18,0,0,0,0,0,0,0.8,0.2,0,"Saurida lessepsianus_med",0.661
"Scarus ferrugineus","red","0","Natives - Red Sea","Scaridae",0.292682926829268,5,20,86.3,8.1,5,21,26,0.92,0.06,0.08,0,0.06,0.08,0,0.56,0,"Scarus ferrugineus_red",0.468
"Scarus fuscopurpureus","red","0","Natives - Red Sea","Scaridae",0.292682926829268,15,7,42.8,10,5,21,26,0.69,0,0.31,0,0,0,0,0.25,0,"Scarus fuscopurpureus_red",0.386
"Scarus ghobban","med","1","Lessepsians - Med. Sea","Scaridae",0.0483870967741935,3,4,31.4,8.6,9,18,27,0,0,0,0.83,1,0,0,0.17,0,"Scarus ghobban_med",0.137
"Scarus niger","red","0","Natives - Red Sea","Scaridae",0.0650406504065041,2,6,42.1,10.7,2,22,24,1,0,0,0,0,0,0,0.75,0,"Scarus niger_red",0.479
"Scolopsis ghanam","red","0","Natives - Red Sea","Nemipteridae",0.146341463414634,6,7,17.6,16.4,7,22,29,0,0.11,0,0,0,0.56,0,1,0,"Scolopsis ghanam_red",0.391
"Scomberomorus commerson","med","1","Lessepsians - Med. Sea","Scombridae",0.0564516129032258,5,3,1,30.9,10,18,28,0,0,0,0,0.29,0,0,1,0,"Scomberomorus commerson_med",0.674
"Seriola dumerili","med","0","Lessepsians - Med. Sea","Carangidae",0.701612903225806,46,21,103.5,10,10,17,27,0,0,0.06,0.08,0.11,0,0.17,0.74,0,"Seriola dumerili_med",0.841
"Seriola dumerili","red","0","Lessepsians - Red Sea","Carangidae",0.235772357723577,15,8,101.1,38.9,4,20,24,0.17,0,0,0,0.55,0,0.21,0.79,0,"Seriola dumerili_red",0.745
"Serranus cabrilla","med","0","Natives - Med. Sea","Serranidae",0.0725806451612903,2,8,24.8,10.4,9,17,26,0,0,0.11,0.67,0.89,0,0,0.33,0,"Serranus cabrilla_med",0.251
"Serranus scriba","med","0","Natives - Med. Sea","Serranidae",0.0967741935483871,3,8,16.8,5.6,13,17,30,0,0,0,0.67,1,0,0,0.25,0,"Serranus scriba_med",0.171
"Siganus argenteus","red","0","Natives - Red Sea","Siganidae",0.455284552845528,19,11,46.5,8.1,5,21,26,0.96,0.39,0.09,0,0.34,0.18,0.07,0.25,0,"Siganus argenteus_red",0.31
"Siganus luridus","med","1","Lessepsians - Med. Sea","Siganidae",1.87903225806452,89,11,13.8,8.6,11,17,28,0,0,0,0.86,1,0,0,0.17,0,"Siganus luridus_med",0.139
"Siganus rivulatus","med","1","Lessepsians - Med. Sea","Siganidae",1.36290322580645,50,9,7,8.6,4,24,28,0,0,0.01,0.78,0.99,0,0,0.49,0,"Siganus rivulatus_med",0.196
"Siganus rivulatus","red","1","Lessepsians - Red Sea","Siganidae",1.19512195121951,141,3,14.8,16.4,7,22,29,0,0,0,0,0,1,0,1,0,"Siganus rivulatus_red",0.391
"Siganus stellatus","red","0","Natives - Red Sea","Siganidae",0.0487804878048781,2,3,16,16.8,2,22,24,1,0.33,0.33,0,0,0.33,0,0.33,0,"Siganus stellatus_red",0.424
"Sparisoma cretense","med","0","Natives - Med. Sea","Scaridae",0.032258064516129,2,3,25.1,10.1,10,18,28,0,0,0,0.5,1,0,0,0.5,0,"Sparisoma cretense_med",0.19
"Sphyraena sphyraena","med","0","Natives - Med. Sea","Sphyraenidae",0.0725806451612903,8,2,4,137,0,16,16,0,0,0,0,0.89,0,1,0,0,"Sphyraena sphyraena_med",0.117
"Spicara smaris","med","0","Natives - Med. Sea","Sparidae",0.959677419354839,67,4,91.5,11.5,7,17,24,0,0,0.42,0.42,0.57,0,0.01,0.98,0,"Spicara smaris_med",0.257
"Sufflamen albicaudatum","red","0","Natives - Red Sea","Balistidae",0.227642276422764,2,21,52,8.1,7,21,28,0.93,0.11,0.04,0,0.14,0.11,0.04,0.64,0,"Sufflamen albicaudatum_red",0.479
"Symphodus tinca","med","0","Natives - Med. Sea","Labridae",0.0806451612903226,5,4,24.8,10.4,3,24,27,0,0,0,0.5,1,0,0,0.5,0,"Symphodus tinca_med",0.19
"Synodus variegatus","red","0","Natives - Red Sea","Synodontidae",0.032520325203252,1,4,39.9,16.8,5,21,26,1,0.25,0.25,0,0,0.25,0,0.75,0,"Synodus variegatus_red",0.373
"Taeniurops grabatus","med","0","Natives - Med. Sea","Dasyatidae",0.0725806451612903,3,6,14.8,8.6,13,17,30,0,0,0.22,0.67,0.78,0,0,0.56,0,"Taeniurops grabatus_med",0.404
"Tetrosomus gibbosus","red","1","Lessepsians - Red Sea","Ostraciidae",1.13008130081301,9,75,128.9,16.4,8,20,28,0.32,0.03,0,0.11,0.17,0.07,0.1,0.78,0.01,"Tetrosomus gibbosus_red",0.975
"Thalassoma pavo","med","0","Natives - Med. Sea","Labridae",0.411290322580645,6,22,34.4,5.6,13,17,30,0,0,0.08,0.78,0.94,0,0,0.31,0,"Thalassoma pavo_med",0.226
"Thalassoma rueppellii","red","0","Natives - Red Sea","Labridae",0.016260162601626,1,2,0.199999999999999,10.5,4,22,26,1,0,0,0,0,0,0,1,0,"Thalassoma rueppellii_red",0.373
"Thamnaconus erythraeensis","red","0","Natives - Red Sea","Monacanthidae",0.292682926829268,3,22,61,83,3,20,23,0.53,0.06,0,0,0.31,0,0.31,0.56,0,"Thamnaconus erythraeensis_red",0.837
"Torquigener flavimaculosus","med","1","Lessepsians - Med. Sea","Tetraodontidae",0.532258064516129,14,20,31.4,8.6,9,17,26,0,0,0.27,0.91,0.74,0.02,0,0.35,0,"Torquigener flavimaculosus_med",0.338
"Trachurus mediterraneus","med","0","Natives - Med. Sea","Carangidae",0.137096774193548,10,4,68.3,68.7,6,16,22,0,0,0,0,0.12,0,0.18,0.82,0.59,"Trachurus mediterraneus_med",0.82
"Trichiurus lepturus","med","0","Natives - Med. Sea","Trichiuridae",0.0161290322580645,1,2,9.10000000000001,123.3,1,17,18,0,0,0,0,0,0,1,0,0,"Trichiurus lepturus_med",0.661
"Turrum fulvoguttatum","red","0","Natives - Red Sea","Carangidae",0.130081300813008,8,8,106.6,16.4,5,21,26,0,0,0,0.06,0.56,0.12,0,1,0,"Turrum fulvoguttatum_red",0.862
"Upeneus moluccensis","med","1","Lessepsians - Med. Sea","Mullidae",0.362903225806452,17,15,92.7,48.3,6,15,21,0,0,0,0,0.09,0,0.42,0.58,0,"Upeneus moluccensis_med",0.802
"Upeneus pori","red","1","Lessepsians - Red Sea","Mullidae",0.121951219512195,3,8,53.5,27.9,4,21,25,0,0,0,0.2,0.07,0.13,0,1,0,"Upeneus pori_red",0.463
"Variola louti","red","0","Natives - Red Sea","Serranidae",0.398373983739837,3,37,119.9,8.1,8,20,28,0.9,0.04,0.06,0,0.06,0.06,0.12,0.51,0,"Variola louti_red",0.52
"Xyrichtys novacula","med","0","Natives - Med. Sea","Labridae",0.25,13,6,21.5,9.6,10,18,28,0,0,0.26,0.26,0.42,0,0,1,0,"Xyrichtys novacula_med",0.451
"Zebrasoma xanthurum","red","0","Natives - Red Sea","Acanthuridae",0.0731707317073171,3,5,24.7,8.1,2,22,24,1,0.33,0.11,0,0.22,0.11,0,0.33,0,"Zebrasoma xanthurum_red",0.214
