"PCoA1","PCoA2","species","group","plot_label","sea","status"
0.0451162830855271,0.0626172857052561,"Abalistes stellatus","Natives - Red Sea","Abalistes stellatus (RS)","red",0
-0.077577721975264,-0.096019975331183,"Acanthurus nigrofuscus","Natives - Red Sea","Acanthurus nigrofuscus (RS)","red",0
-0.159134449188515,-0.116816873329053,"Aetobatus ocellatus","Natives - Red Sea","Aetobatus ocellatus (RS)","red",0
-0.10546504623729,-0.0647584604773498,"Aluterus scriptus","Natives - Red Sea","Aluterus scriptus (RS)","red",0
-0.0502779997483315,0.0338005088626114,"Amblyeleotris sungami","Natives - Red Sea","Amblyeleotris sungami (RS)","red",0
0.0169338071242797,0.0188361914187957,"Amphiprion bicinctus","Natives - Red Sea","Amphiprion bicinctus (RS)","red",0
-0.00385873294063736,-0.0734700742652963,"Anampses lineatus","Natives - Red Sea","Anampses lineatus (RS)","red",0
-0.124263435520406,-0.0929753811319931,"Anampses twistii","Natives - Red Sea","Anampses twistii (RS)","red",0
-0.0877382829657671,0.0683394400543906,"Apolemichthys xanthotis","Natives - Red Sea","Apolemichthys xanthotis (RS)","red",0
-0.0142627831543102,0.0401792150523577,"Argyrops megalommatus","Natives - Red Sea","Argyrops megalommatus (RS)","red",0
-0.00734261005417509,0.00580113684606487,"Argyrops spinifer","Natives - Red Sea","Argyrops spinifer (RS)","red",0
-0.0517090465836425,0.063898279845319,"Arothron hispidus","Natives - Red Sea","Arothron hispidus (RS)","red",0
0.0500408940537479,0.0504511875397705,"Arothron stellatus","Natives - Red Sea","Arothron stellatus (RS)","red",0
-0.0817406367079941,0.0105300502227487,"Balistapus undulatus","Natives - Red Sea","Balistapus undulatus (RS)","red",0
-0.0849067105929458,0.0394108139188431,"Bodianus anthioides","Natives - Red Sea","Bodianus anthioides (RS)","red",0
-0.128157121909386,-0.0844332329531162,"Bodianus opercularis","Natives - Red Sea","Bodianus opercularis (RS)","red",0
0.219294061486262,0.148421965645501,"Boops boops","Natives - Med. Sea","Boops boops (Med)","med",0
-0.0211224419928906,0.0104303553041686,"Bothus podas","Natives - Med. Sea","Bothus podas (Med)","med",0
-0.0547502050623261,-0.0223460208246571,"Caesio lunaris","Natives - Red Sea","Caesio lunaris (RS)","red",0
-0.0468907637450391,-0.114678382445382,"Caesio suevica","Natives - Red Sea","Caesio suevica (RS)","red",0
-0.10438579633914,0.0349753719327979,"Calotomus viridescens","Natives - Red Sea","Calotomus viridescens (RS)","red",0
-0.0427548940669062,0.082843136987064,"Canthigaster cyanospilota","Natives - Red Sea","Canthigaster cyanospilota (RS)","red",0
0.0969642448387914,-0.0383023519434176,"Caranx crysos","Natives - Med. Sea","Caranx crysos (Med)","med",0
-0.0615970520089481,-0.0441854281044773,"Centropyge multispinis","Natives - Red Sea","Centropyge multispinis (RS)","red",0
-0.0680248122997321,-0.0330235877656523,"Cephalopholis argus","Natives - Red Sea","Cephalopholis argus (RS)","red",0
-0.0579105727076458,0.00080157912272818,"Cephalopholis hemistiktos","Natives - Red Sea","Cephalopholis hemistiktos (RS)","red",0
-0.0944830990041726,-0.0193807361424574,"Cephalopholis miniata","Natives - Red Sea","Cephalopholis miniata (RS)","red",0
-0.0738620909195789,-0.0456329200824555,"Cephalopholis oligosticta","Natives - Red Sea","Cephalopholis oligosticta (RS)","red",0
-0.176300004333192,-0.13623951601965,"Cephalopholis sexmaculata","Natives - Red Sea","Cephalopholis sexmaculata (RS)","red",0
-0.0771582293154366,-0.0329990732048142,"Cetoscarus bicolor","Natives - Red Sea","Cetoscarus bicolor (RS)","red",0
-0.102924829993649,-0.027530174362503,"Chaetodon auriga","Natives - Red Sea","Chaetodon auriga (RS)","red",0
-0.0762412299352132,-0.024456412522694,"Chaetodon austriacus","Lessepsians - Red Sea","Chaetodon austriacus (RS)","red",1
-0.0733597105668902,0.0124341034625062,"Chaetodon fasciatus","Natives - Red Sea","Chaetodon fasciatus (RS)","red",0
-0.120132627948086,-0.0787947980075745,"Chaetodon lineolatus","Natives - Red Sea","Chaetodon lineolatus (RS)","red",0
-0.077512490926293,-0.02968749476054,"Chaetodon melannotus","Natives - Red Sea","Chaetodon melannotus (RS)","red",0
-0.0447535444185198,0.0533827750297288,"Chaetodon paucifasciatus","Natives - Red Sea","Chaetodon paucifasciatus (RS)","red",0
-0.0767904962363135,-0.046836866477724,"Cheilinus abudjubbe","Natives - Red Sea","Cheilinus abudjubbe (RS)","red",0
-0.077605936071526,-0.0625861278362374,"Cheilinus lunulatus","Natives - Red Sea","Cheilinus lunulatus (RS)","red",0
-0.112257123475209,-0.0652401791531399,"Chlorurus genazonatus","Natives - Red Sea","Chlorurus genazonatus (RS)","red",0
-0.0934469925244854,-0.0160957162949676,"Chlorurus sordidus","Natives - Red Sea","Chlorurus sordidus (RS)","red",0
0.0550866082942709,0.120788222205111,"Choerodon robustus","Natives - Red Sea","Choerodon robustus (RS)","red",0
0.198010184570129,-0.0869804036772083,"Chromis chromis","Natives - Med. Sea","Chromis chromis (Med)","med",0
-0.136696994892516,-0.121377826482056,"Chromis dimidiata","Natives - Red Sea","Chromis dimidiata (RS)","red",0
-0.101852549099175,0.0462985051511753,"Chromis pelloura","Natives - Red Sea","Chromis pelloura (RS)","red",0
-0.0877375105107262,-0.00601548273472462,"Cirrhilabrus blatteus","Natives - Red Sea","Cirrhilabrus blatteus (RS)","red",0
-0.261790861806342,-0.0750956630141441,"Cirrhilabrus rubriventralis","Natives - Red Sea","Cirrhilabrus rubriventralis (RS)","red",0
-0.0549656868727672,0.0372205865158596,"Coris aygula","Natives - Red Sea","Coris aygula (RS)","red",0
-0.091295454261458,0.0135846112879243,"Coris caudimacula","Natives - Red Sea","Coris caudimacula (RS)","red",0
0.222867959943637,-0.0425147296405712,"Coris julis","Natives - Med. Sea","Coris julis (Med)","med",0
-0.0925072527741976,-0.0373590022596003,"Ctenochaetus striatus","Natives - Red Sea","Ctenochaetus striatus (RS)","red",0
0.0278005800771186,0.0985606802405644,"Cyclichthys spilostylus","Lessepsians - Red Sea","Cyclichthys spilostylus (RS)","red",1
-0.0918350805377018,0.0106411154131628,"Dascyllus marginatus","Natives - Red Sea","Dascyllus marginatus (RS)","red",0
-0.0103200215033561,0.0511234347594508,"Dascyllus trimaculatus","Natives - Red Sea","Dascyllus trimaculatus (RS)","red",0
0.0643469699665497,-0.0504478667764404,"Dasyatis pastinaca","Natives - Med. Sea","Dasyatis pastinaca (Med)","med",0
0.199260434427868,-0.173960510867222,"Dentex dentex","Natives - Med. Sea","Dentex dentex (Med)","med",0
0.0147820650807822,0.0281865596358519,"Dentex macrophthalmus","Natives - Med. Sea","Dentex macrophthalmus (Med)","med",0
0.0310911533934709,0.00770556936373341,"Dentex maroccanus","Natives - Med. Sea","Dentex maroccanus (Med)","med",0
0.203293856356567,-0.0782015936974386,"Diplodus sargus","Natives - Med. Sea","Diplodus sargus (Med)","med",0
0.135627612319719,-0.124206925522927,"Diplodus vulgaris","Natives - Med. Sea","Diplodus vulgaris (Med)","med",0
0.176480224010389,0.00520747606499536,"Echeneis naucrates","Lessepsians - Med. Sea","Echeneis naucrates (Med)","med",0
0.0157558627896549,-0.0317645895441407,"Echeneis naucrates","Lessepsians - Red Sea","Echeneis naucrates (RS)","red",0
-2.53518063613216e-05,0.157731752947636,"Epinephelus areolatus","Lessepsians - Red Sea","Epinephelus areolatus (RS)","red",1
0.204565916471621,-0.073828218592212,"Epinephelus costae","Natives - Med. Sea","Epinephelus costae (Med)","med",0
-0.0503440419093238,0.0854358888362097,"Epinephelus fasciatus","Lessepsians - Red Sea","Epinephelus fasciatus (RS)","red",1
0.109832699288896,-0.109130627327839,"Epinephelus marginatus","Natives - Med. Sea","Epinephelus marginatus (Med)","med",0
0.159315393513584,-0.0196445772972585,"Fistularia commersonii","Lessepsians - Med. Sea","Fistularia commersonii (Med)","med",1
0.00781289907347344,0.127820336368443,"Fistularia commersonii","Lessepsians - Red Sea","Fistularia commersonii (RS)","red",1
-0.0579478453787994,0.0190412269589501,"Genicanthus caudovittatus","Natives - Red Sea","Genicanthus caudovittatus (RS)","red",0
0.00284452772622339,0.0579933328296639,"Gnathanodon speciosus","Natives - Red Sea","Gnathanodon speciosus (RS)","red",0
0.170026969925864,-0.0795527347741021,"Gobius bucchichi","Natives - Med. Sea","Gobius bucchichi (Med)","med",0
0.028813146453359,0.162640822614819,"Gymnocranius grandoculis","Natives - Red Sea","Gymnocranius grandoculis (RS)","red",0
0.035326541131992,0.0929122258489359,"Gymnothorax angusticauda","Natives - Red Sea","Gymnothorax angusticauda (RS)","red",0
-0.0580596996046417,0.029613478326881,"Gymnothorax elegans","Natives - Red Sea","Gymnothorax elegans (RS)","red",0
0.0040069107495665,0.105422589433133,"Gymnothorax griseus","Natives - Red Sea","Gymnothorax griseus (RS)","red",0
-0.0205083869744347,0.0921110682521812,"Gymnothorax johnsoni","Natives - Red Sea","Gymnothorax johnsoni (RS)","red",0
-0.0450488444707868,0.0719087452365712,"Gymnothorax nudivomer","Natives - Red Sea","Gymnothorax nudivomer (RS)","red",0
-0.111980213398045,-0.0955717915344332,"Gymnothorax undulatus","Natives - Red Sea","Gymnothorax undulatus (RS)","red",0
-0.0422346477687574,0.0586911743540196,"Heniochus diphreutes","Natives - Red Sea","Heniochus diphreutes (RS)","red",0
-0.0731533601308878,-0.0306812968879406,"Heniochus intermedius","Lessepsians - Red Sea","Heniochus intermedius (RS)","red",1
0.176504815934672,-0.0911277812101602,"Himantura uarnak","Lessepsians - Med. Sea","Himantura uarnak (Med)","med",1
-0.0472146050917916,0.0883087710289041,"Himantura uarnak","Lessepsians - Red Sea","Himantura uarnak (RS)","red",1
-0.103343306158977,0.0215411830974013,"Hipposcarus harid","Natives - Red Sea","Hipposcarus harid (RS)","red",0
-0.0498016663390731,0.0639686078242035,"Labroides dimidiatus","Natives - Red Sea","Labroides dimidiatus (RS)","red",0
0.059609646044216,0.0646779831963609,"Lagocephalus guentheri","Lessepsians - Med. Sea","Lagocephalus guentheri (Med)","med",1
0.203991652070442,0.189509376334774,"Lagocephalus sceleratus","Lessepsians - Med. Sea","Lagocephalus sceleratus (Med)","med",1
0.0101915280075145,0.0700354649580537,"Lagocephalus sceleratus","Lessepsians - Red Sea","Lagocephalus sceleratus (RS)","red",1
0.110171360683657,0.107055824615576,"Lagocephalus suezensis","Lessepsians - Med. Sea","Lagocephalus suezensis (Med)","med",1
-0.00975594111915141,0.0120178600949703,"Lagocephalus suezensis","Lessepsians - Red Sea","Lagocephalus suezensis (RS)","red",1
-0.111423031317301,-0.110939841404202,"Larabicus quadrilineatus","Natives - Red Sea","Larabicus quadrilineatus (RS)","red",0
-0.0148120092094303,0.156389651136842,"Lethrinus borbonicus","Natives - Red Sea","Lethrinus borbonicus (RS)","red",0
-0.0816952964261636,0.0682618687436056,"Lethrinus mahsena","Natives - Red Sea","Lethrinus mahsena (RS)","red",0
0.00177333717610698,0.154346858921211,"Lethrinus nebulosus","Natives - Red Sea","Lethrinus nebulosus (RS)","red",0
0.0283551802094033,0.0543112513306375,"Lethrinus variegatus","Natives - Red Sea","Lethrinus variegatus (RS)","red",0
-0.0167938952020421,-0.0140666559558146,"Lethrinus xanthochilus","Natives - Red Sea","Lethrinus xanthochilus (RS)","red",0
-0.126706845370132,0.0613324898279109,"Meiacanthus nigrolineatus","Natives - Red Sea","Meiacanthus nigrolineatus (RS)","red",0
0.136484191480191,-0.101875052249156,"Muraena helena","Natives - Med. Sea","Muraena helena (Med)","med",0
0.212993060777159,-0.129365411779501,"Mycteroperca rubra","Natives - Med. Sea","Mycteroperca rubra (Med)","med",0
-0.0579828172206607,-0.150846777725544,"Myrichthys maculosus","Natives - Red Sea","Myrichthys maculosus (RS)","red",0
-0.0300216681588891,0.0105731134672517,"Naso unicornis","Natives - Red Sea","Naso unicornis (RS)","red",0
0.0961997184197116,0.133070947982167,"Nemipterus randalli","Lessepsians - Med. Sea","Nemipterus randalli (Med)","med",1
0.0940024521361191,0.135545700561516,"Nemipterus zysron","Natives - Red Sea","Nemipterus zysron (RS)","red",0
-0.0747786981119515,0.0243908161056734,"Odonus niger","Natives - Red Sea","Odonus niger (RS)","red",0
-0.0387293213089831,0.0302573347651501,"Ostracion cubicum","Lessepsians - Red Sea","Ostracion cubicum (RS)","red",1
-0.0705712998034111,0.0734915515651018,"Ostracion cyanurus","Natives - Red Sea","Ostracion cyanurus (RS)","red",0
-0.12105224578893,-0.0185802591335345,"Oxycheilinus digramma","Natives - Red Sea","Oxycheilinus digramma (RS)","red",0
-0.0354506845483352,0.121664305728763,"Oxycheilinus mentalis","Natives - Red Sea","Oxycheilinus mentalis (RS)","red",0
0.106661633218043,0.0649943727582715,"Pagellus acarne","Natives - Med. Sea","Pagellus acarne (Med)","med",0
0.140271476941445,0.114469045371273,"Pagellus erythrinus","Natives - Med. Sea","Pagellus erythrinus (Med)","med",0
0.202251679570644,-0.027692735625181,"Pagrus caeruleostictus","Natives - Med. Sea","Pagrus caeruleostictus (Med)","med",0
0.101668654396478,-0.123994636501266,"Parablennius zvonimiri","Natives - Med. Sea","Parablennius zvonimiri (Med)","med",0
-0.099563128562009,-0.122637870681774,"Paracaesio sordida","Natives - Red Sea","Paracaesio sordida (RS)","red",0
-0.0928869122488629,-0.0216978460128552,"Paracheilinus octotaenia","Natives - Red Sea","Paracheilinus octotaenia (RS)","red",0
-0.0613648418470531,0.0295857463941999,"Parapercis somaliensis","Natives - Red Sea","Parapercis somaliensis (RS)","red",0
-0.0692181166653149,0.0146689075319308,"Parupeneus cyclostomus","Natives - Red Sea","Parupeneus cyclostomus (RS)","red",0
0.189730019626687,-0.0245237200833186,"Parupeneus forsskali","Lessepsians - Med. Sea","Parupeneus forsskali (Med)","med",1
0.0343348614464611,0.189945446146032,"Parupeneus forsskali","Lessepsians - Red Sea","Parupeneus forsskali (RS)","red",1
0.0484654433904617,0.184634135334442,"Parupeneus heptacanthus","Natives - Red Sea","Parupeneus heptacanthus (RS)","red",0
-0.034603061260857,0.0999868157342424,"Parupeneus macronemus","Natives - Red Sea","Parupeneus macronemus (RS)","red",0
-0.0303695294539974,0.120069800128784,"Parupeneus rubescens","Natives - Red Sea","Parupeneus rubescens (RS)","red",0
-0.124263435520406,-0.0929753811319931,"Pervagor randalli","Natives - Red Sea","Pervagor randalli (RS)","red",0
-0.111635881874985,-0.0714870710851227,"Platax orbicularis","Natives - Red Sea","Platax orbicularis (RS)","red",0
-0.0871580696180847,0.0534807861703524,"Plectropomus pessuliferus","Natives - Red Sea","Plectropomus pessuliferus (RS)","red",0
-0.0104444475619053,0.0619989700893741,"Pomacanthus imperator","Lessepsians - Red Sea","Pomacanthus imperator (RS)","red",1
-0.0699023190961012,-0.0639744122486597,"Pomacanthus maculosus","Natives - Red Sea","Pomacanthus maculosus (RS)","red",0
-0.0564662599087989,-0.0161146090291844,"Pomacentrus trichrourus","Natives - Red Sea","Pomacentrus trichrourus (RS)","red",0
-0.120040117818146,-0.114069814909022,"Pseudanthias squamipinnis","Natives - Red Sea","Pseudanthias squamipinnis (RS)","red",0
-0.110725511167428,-0.0618108588636498,"Pseudanthias taeniatus","Natives - Red Sea","Pseudanthias taeniatus (RS)","red",0
-0.0561673065373133,0.00858362888789424,"Pseudobalistes fuscus","Natives - Red Sea","Pseudobalistes fuscus (RS)","red",0
-0.0839451811145228,-0.0719521244272397,"Pseudocheilinus evanidus","Natives - Red Sea","Pseudocheilinus evanidus (RS)","red",0
-0.126880018773912,-0.114555306277745,"Pseudochromis fridmani","Natives - Red Sea","Pseudochromis fridmani (RS)","red",0
-0.0971424741815367,0.00808018282102996,"Pseudochromis pesi","Natives - Red Sea","Pseudochromis pesi (RS)","red",0
-0.0759537461750895,-0.0229755736911946,"Pseudochromis springeri","Natives - Red Sea","Pseudochromis springeri (RS)","red",0
0.206676113609257,-0.070763675441977,"Pteragogus trispilus","Lessepsians - Med. Sea","Pteragogus trispilus (Med)","med",1
0.17603249811073,-0.0191707608506479,"Pterois miles","Lessepsians - Med. Sea","Pterois miles (Med)","med",1
0.00994028789815371,0.0930326083967582,"Pterois miles","Lessepsians - Red Sea","Pterois miles (RS)","red",1
-0.119693320418818,-0.0774326399740666,"Pygoplites diacanthus","Natives - Red Sea","Pygoplites diacanthus (RS)","red",0
0.0516937207998536,-0.149679485850176,"Raja clavata","Natives - Med. Sea","Raja clavata (Med)","med",0
-0.112995115546266,-0.0275214157271322,"Rhinecanthus assasi","Natives - Red Sea","Rhinecanthus assasi (RS)","red",0
0.0273890568873453,0.0631470926836473,"Rhinobatos punctifer","Natives - Red Sea","Rhinobatos punctifer (RS)","red",0
0.0285931983099763,0.0147626413146097,"Rhinobatos rhinobatos","Natives - Med. Sea","Rhinobatos rhinobatos (Med)","med",0
0.152045647118032,0.00110265760468806,"Rhinoptera marginata","Natives - Med. Sea","Rhinoptera marginata (Med)","med",0
-0.120132627948086,-0.0787947980075745,"Sargocentron caudimaculatum","Natives - Red Sea","Sargocentron caudimaculatum (RS)","red",0
0.0878214330760487,-0.083909574116217,"Sargocentron rubrum","Lessepsians - Med. Sea","Sargocentron rubrum (Med)","med",1
0.00900234939181304,0.00663692999708376,"Saurida lessepsianus","Lessepsians - Med. Sea","Saurida lessepsianus (Med)","med",1
-0.067227123431354,0.0561336294822652,"Scarus ferrugineus","Natives - Red Sea","Scarus ferrugineus (RS)","red",0
-0.0448130765264396,-0.0246318191176944,"Scarus fuscopurpureus","Natives - Red Sea","Scarus fuscopurpureus (RS)","red",0
0.173593534182276,-0.121396517210721,"Scarus ghobban","Lessepsians - Med. Sea","Scarus ghobban (Med)","med",1
-0.0985881108981698,0.00479845270249448,"Scarus niger","Natives - Red Sea","Scarus niger (RS)","red",0
0.00854532573777949,0.0411897817233795,"Scolopsis ghanam","Natives - Red Sea","Scolopsis ghanam (RS)","red",0
0.0927124505125416,0.0305311529861132,"Scomberomorus commerson","Lessepsians - Med. Sea","Scomberomorus commerson (Med)","med",1
0.113242275084382,0.136115199318315,"Seriola dumerili","Lessepsians - Med. Sea","Seriola dumerili (Med)","med",0
0.0332809481751615,0.0743457480447449,"Seriola dumerili","Lessepsians - Red Sea","Seriola dumerili (RS)","red",0
0.166255499291963,-0.0955008865461617,"Serranus cabrilla","Natives - Med. Sea","Serranus cabrilla (Med)","med",0
0.207708268167275,-0.118652195076344,"Serranus scriba","Natives - Med. Sea","Serranus scriba (Med)","med",0
-0.0726185403122631,-0.0279532485521512,"Siganus argenteus","Natives - Red Sea","Siganus argenteus (RS)","red",0
0.221341406975641,-0.124907128575655,"Siganus luridus","Lessepsians - Med. Sea","Siganus luridus (Med)","med",1
0.128242270371092,-0.120812051245162,"Siganus rivulatus","Lessepsians - Med. Sea","Siganus rivulatus (Med)","med",1
0.0110976996655111,0.0482311034305016,"Siganus rivulatus","Lessepsians - Red Sea","Siganus rivulatus (RS)","red",1
-0.144513835603274,-0.0524003762663462,"Siganus stellatus","Natives - Red Sea","Siganus stellatus (RS)","red",0
0.163783455956859,-0.0786955867854933,"Sparisoma cretense","Natives - Med. Sea","Sparisoma cretense (Med)","med",0
0.0862245586651381,-0.258680949951232,"Sphyraena sphyraena","Natives - Med. Sea","Sphyraena sphyraena (Med)","med",0
0.154270854041302,0.0225449883993644,"Spicara smaris","Natives - Med. Sea","Spicara smaris (Med)","med",0
-0.0477987490144815,0.0510967376116835,"Sufflamen albicaudatum","Natives - Red Sea","Sufflamen albicaudatum (RS)","red",0
0.0954116976390638,-0.11644842669975,"Symphodus tinca","Natives - Med. Sea","Symphodus tinca (Med)","med",0
-0.100779864045682,0.0186679917725786,"Synodus variegatus","Natives - Red Sea","Synodus variegatus (RS)","red",0
0.203347593031265,-0.0558994112895516,"Taeniurops grabatus","Natives - Med. Sea","Taeniurops grabatus (Med)","med",0
0.0469993491239886,0.212861240170006,"Tetrosomus gibbosus","Lessepsians - Red Sea","Tetrosomus gibbosus (RS)","red",1
0.225616471610175,-0.0765084272063366,"Thalassoma pavo","Natives - Med. Sea","Thalassoma pavo (Med)","med",0
-0.0955189261446405,-0.0167402512883632,"Thalassoma rueppellii","Natives - Red Sea","Thalassoma rueppellii (RS)","red",0
-0.0456907560909896,0.0618470234741807,"Thamnaconus erythraeensis","Natives - Red Sea","Thamnaconus erythraeensis (RS)","red",0
0.188084780651268,-0.0619785230408183,"Torquigener flavimaculosus","Lessepsians - Med. Sea","Torquigener flavimaculosus (Med)","med",1
0.046685934976277,0.0831716906467554,"Trachurus mediterraneus","Natives - Med. Sea","Trachurus mediterraneus (Med)","med",0
-0.00995176764726754,-0.0816299008660471,"Trichiurus lepturus","Natives - Med. Sea","Trichiurus lepturus (Med)","med",0
0.0645042584153879,0.102586932784639,"Turrum fulvoguttatum","Natives - Red Sea","Turrum fulvoguttatum (RS)","red",0
0.0506499420199533,0.100055023195685,"Upeneus moluccensis","Lessepsians - Med. Sea","Upeneus moluccensis (Med)","med",1
0.0180310539110206,0.0442587078145493,"Upeneus pori","Lessepsians - Red Sea","Upeneus pori (RS)","red",1
-0.0389483587577163,0.0995466294766273,"Variola louti","Natives - Red Sea","Variola louti (RS)","red",0
0.134386532796768,0.0140881304430345,"Xyrichtys novacula","Natives - Med. Sea","Xyrichtys novacula (Med)","med",0
-0.105031795768924,-0.0795982779452016,"Zebrasoma xanthurum","Natives - Red Sea","Zebrasoma xanthurum (RS)","red",0
